track_ids,danergy,acousticness,instrumentalness,valence,loudness,tempo,duration_secs
27jdUE1EYDSXZqhjuNxLem,0.61,0.0266,0.621,0.352,-8.917,93.457,285.014
75JFxkI2RXiU7L9VXzMkle,0.49950000000000006,0.731,1.46e-05,0.213,-7.224,146.277,309.6
1mea3bSkSGXuIRvnydlB5b,0.5515,0.0954,3.23e-06,0.417,-7.115,138.015,242.373
2U8g9wVcUu9wsg6i7sFSv8,0.5785,0.00194,0.0103,0.333,-6.883,117.98,240.796
2nvC4i2aMo4CzRjRflysah,0.506,0.0553,4.95e-06,0.193,-5.455,144.636,226.68
75hLNJfiXV5k2YGrbGEW51,0.641,0.0198,1.23e-06,0.335,-7.929,140.047,185.08
1z6WtY7X4HQJvzxC4UgkSf,0.7,0.0849,0.0,0.652,-5.242,94.1,267.413
2fzpVfNwnFMJxhApDDrl5g,0.6955,0.00504,0.000202,0.216,-4.729,126.042,239.894
1fzJyTCKeZuTSLByCsLRHl,0.737,0.000176,0.00374,0.766,-4.852,117.956,192.79
2y4lAQpi5VTNLu2ldeTdUH,0.6174999999999999,0.00882,0.0,0.484,-5.794,80.003,231.24
717TY4sfgKQm4kFbYQIzgo,0.8105,0.0279,0.0183,0.923,-3.925,143.011,198.813
30jNXLY2bFbxSqOIIkNRim,0.63,0.00144,0.0,0.73,-6.572,95.49,196.293
6ZapsNk1ZpaebNXAIohP9R,0.5655,0.292,0.000522,0.137,-6.623,111.665,303.2
6golelYKuy85o3u0cxIxFK,0.591,0.0127,5.01e-06,0.525,-5.569,113.678,245.293
4Sfa7hdVkqlM8UW5LsSY3F,0.6605,0.0338,0.0,0.445,-5.526,101.006,264.493
1aGvLFHJ2shKqO9uycaUcW,0.7415,0.00559,0.000727,0.68,-5.079,119.939,164.187
74EV0g12ihUoOUXMprFpZB,0.7565,0.0767,0.0,0.82,-5.992,125.437,267.733
77NNZQSqzLNqh2A9JhLRkg,0.6465000000000001,0.25,0.0,0.472,-7.106,119.25,248.907
2DyHhPyCZgZzNXn1IrtsTu,0.7265,0.000312,0.00457,0.586,-7.137,138.162,201.867
18gaZFSOGTMf9VMeOH4Exo,0.7275,0.0225,0.000441,0.449,-6.727,136.282,245.707
2ipxxnFmqMLWLcjpiIaKMc,0.6845,0.00178,0.00156,0.695,-3.414,106.033,229.04
0rF2hdWiVpnFsZMUfxDK0T,0.6930000000000001,0.00176,0.0125,0.721,-6.514,99.76,242.773
20B9NtA8clQJuTebpZWZvC,0.6495,0.000759,0.0,0.688,-4.337,174.567,259.96
23NPGXlSaIqWzvxIRhM2oG,0.522,0.0168,0.000534,0.513,-8.046,84.275,265.507
2QOMGq8wVTZbLmh7McrvgF,0.577,0.0779,0.00274,0.547,-4.803,178.085,215.907
0mWiuXuLAJ3Brin3Or2x6v,0.685,1.92e-05,1.21e-05,0.527,-2.59,135.944,234.8
7u5dBtASrtOuBTTZjJrvuJ,0.6445000000000001,6.01e-05,0.000251,0.301,-4.224,153.981,258.973
4IiRAL0swv6SGt92wsFXlG,0.6615,0.424,0.0105,0.85,-11.501,107.87,164.56
7hQJA50XrCWABAu5v6QZ4i,0.714,0.0472,0.000191,0.601,-5.277,156.271,209.413
2aSFLiDPreOVP6KHiWk4lF,0.6875,0.524,0.0,0.527,-7.268,113.439,236.52
0cpdpeOeytQn4d2B8tgwkU,0.589,0.0632,3.91e-06,0.383,-7.404,112.919,296.693
6U4svg4qF0TCuYX20qw2JF,0.633,0.00235,0.0712,0.377,-5.905,99.332,274.413
61a9BTpO2vHRVSwVv8Vhq2,0.7625,0.12,0.0,0.566,-4.815,93.364,264.0
3trZucl5LmX5nSD91sffoy,0.632,2.76e-05,0.0349,0.488,-4.758,105.776,308.64
2gsGhxiwG4G7pJG4UhNRR5,0.6990000000000001,0.00559,2.81e-05,0.677,-4.539,118.036,214.093
19okQyq8Ys8ar6anNTNCQJ,0.596,0.0482,0.0,0.471,-3.665,162.479,316.067
1THbqI41NsSe5ntfoyMCvH,0.5255000000000001,0.0177,0.0,0.387,-5.186,171.225,307.573
4w2EzYwas6H1tag5Job5pN,0.7965,0.329,0.000487,0.86,-6.353,100.69,265.307
7HKez549fwJQDzx3zLjHKC,0.7815000000000001,0.0436,0.137,0.971,-4.142,122.429,213.067
4AYdUGxTSIpROPuglN0XUE,0.739,0.242,0.365,0.768,-6.217,111.24,222.493
32kgOw8wejH7zUhtXCM8DH,0.5295000000000001,0.000894,0.00217,0.288,-8.039,108.736,285.133
54b8qPFqYqIndfdxiLApea,0.435,0.638,0.00026,0.168,-13.099,175.088,218.733
1CBzT6CGrslsxQOgkNZVjX,0.745,0.0286,0.00579,0.656,-4.214,98.438,166.4
2fcCiV0QwRtgTNv7W1HScf,0.6739999999999999,0.0209,0.657,0.395,-6.637,80.008,255.2
6z1t237CaXitMg1i7oGooE,0.7735,0.442,4.9e-05,0.96,-4.428,93.626,177.133
50uGbeaQIxKiSc7jvRTjWx,0.399,0.726,1.59e-06,0.598,-13.522,205.917,166.827
5BxUIRd7eVYJ5YColCSdpB,0.6745,0.0174,0.000388,0.881,-9.95,100.623,244.92
2jg4Yc8071puvDRYi22B3a,0.7150000000000001,0.00495,0.0,0.819,-6.137,108.84,158.04
3WGaUa5pfM8vPMYhYplWL4,0.5775,0.2,0.0246,0.835,-7.682,177.326,393.307
6VAKyYoJQu1hwjWNvxQVTt,0.6495,0.198,0.0,0.662,-8.624,113.524,260.613
6aTVmTpgPmsg7aqs402iHj,0.6105,0.0301,0.0,0.884,-6.295,103.362,156.387
5jWZR3cKUChstrHpNnTPCS,0.5225,0.802,2.55e-06,0.661,-11.266,131.892,177.307
3LmpQiFNgFCnvAnhhvKUyI,0.787,0.0696,0.000139,0.91,-6.124,103.683,285.2
5VAKsbOWGdBbg1VFlu9W8o,0.778,0.0237,0.462,0.958,-6.528,122.98,256.453
0JEqGkvUiMTQmFY6sgL9kg,0.6005,0.03,6.47e-06,0.158,-5.419,89.969,253.813
6zo52JP3T62BJWN1Fd802D,0.39849999999999997,0.665,0.000471,0.0886,-9.197,133.051,364.8
6LGwYMXXgURfaequXipzHx,0.463,0.589,0.00451,0.25,-8.264,167.271,366.733
29cup7R0CQiUB1lj4Laq72,0.6910000000000001,0.155,0.000291,0.759,-7.69,124.561,237.627
6d9rNfRFOQ0XmsUwJ8C5J0,0.5955,0.503,8.55e-05,0.715,-7.645,98.324,163.16
0cITLOYn1Sv4q27zZPqlNK,0.749,0.0773,8.87e-05,0.641,-4.267,124.978,220.827
0fuP0ykgrDSxk5odNU7Gy2,0.7010000000000001,0.00248,0.000986,0.649,-6.558,104.007,231.867
7AEAGTc8cReDqcbPoY9gwo,0.652,0.00957,2.65e-05,0.75,-5.911,85.984,191.88
4GzDUKkd1RwAtYZMMUBM3W,0.5365,0.00532,2.84e-06,0.649,-6.794,154.182,222.733
5fdhThPDe6jQQDqCyWrdAn,0.6055,0.566,0.0,0.809,-10.971,110.578,161.533
0qup7d7G2WffwARHKrqT2x,0.7665,0.127,0.000259,0.522,-4.452,110.963,323.467
23A4WepE6mwaOXFyxWhQpk,0.6795,0.12,0.00272,0.914,-7.186,133.897,235.427
1jyddn36UN4tVsJGtaJfem,0.6525,0.0304,1.99e-05,0.885,-4.872,170.593,231.84
5EaaGNkpMqAd2Zs4Knq3sH,0.372,0.343,0.00019,0.493,-12.743,174.5,241.88
3y8rEUEUdmAcPCpPoLotnO,0.749,0.0675,0.0,0.817,-5.648,151.961,280.093
0ZhSQIDIv0CWVc0Vt1aiBm,0.681,0.0419,1.17e-06,0.819,-4.348,165.324,288.507
2skmOCFU64Bg7Ytkgwliwe,0.6935,0.0316,2.27e-05,0.641,-6.495,137.047,218.707
6mowJOVCvHAfAR5gqMBd2Z,0.7050000000000001,0.0471,0.00336,0.657,-5.314,97.923,261.493
3i3GeK0qLQybu4ah42YmCY,0.768,0.159,4.34e-05,0.96,-3.877,115.953,295.987
2PKKDPjAEMs99DuYcQ9n1n,0.761,0.0729,0.000301,0.719,-3.232,119.769,254.467
5rhbzNFh4GhSMEobWwZmEt,0.69,0.133,0.0,0.788,-4.851,168.159,274.24
2NDti8N0UCATsq3vlzeU0l,0.694,0.0561,0.000857,0.974,-12.039,125.91,219.093
3vmOEg3JBiNxaz0mHxPSPC,0.6095,0.0338,3.83e-06,0.584,-8.152,103.968,256.093
2EVMlbOZkfU5htC0C3BUGa,0.72,0.0639,5.57e-06,0.641,-4.992,114.996,284.0
4oGhmx44KuEslzELC1Qogw,0.7795000000000001,0.0486,0.00157,0.945,-4.456,144.332,207.76
4lyR7lDZP5uyaWQkRPUuB4,0.5115000000000001,0.34,0.0,0.251,-11.408,128.051,241.947
5zQDs1xpE9LieHkGFEOsT7,0.6925,0.0691,3.23e-05,0.772,-10.741,133.224,274.453
0z4IOsRzDJCtOSuEBGQ3Lp,0.5489999999999999,0.229,0.000793,0.298,-10.235,132.215,253.813
74EqvKNZ0CAYfNVU3nYJlp,0.3995,0.53,0.0,0.0635,-14.203,62.185,248.253
4ncL7OC41ZYuA5eyWvS5Rj,0.6435,0.121,3.18e-05,0.723,-8.68,106.037,262.32
49RUdNvwSiUTC8fBh4KKoC,0.3855,0.703,7.66e-06,0.338,-12.699,135.384,212.667
5vDybLvL75lAj2JGh9jS18,0.4535,0.838,9.04e-06,0.543,-14.956,99.96,201.707
10IjsMtp26Om76fzdCZ5me,0.5625,0.624,0.000233,0.375,-9.13,137.445,222.027
4tY01qYozc6db4gihAiIl8,0.6255,0.137,0.000479,0.252,-10.241,126.356,199.8
3lgVZfcE2ajm6AfRXGzs74,0.7030000000000001,0.326,0.0,0.655,-7.233,127.566,245.093
4OzQg5IcAkBxQV6Awq2T0y,0.778,0.194,0.0,0.961,-5.905,125.005,267.2
6k4H1nmv3k9Oy7HmG7XadO,0.755,0.0386,0.0,0.956,-4.513,124.004,269.467
57Y3UccJEJqT8w8RWkUAz0,0.8955,0.079,0.0101,0.89,-5.107,107.955,244.827
2yHyxAYmOAglwZP2vIsOuB,0.8195,0.13,0.0,0.788,-3.898,121.046,255.4
4h3cnCK9KnbrTfhQoTkuEj,0.858,0.497,0.00488,0.774,-3.288,95.883,231.173
3DYVWvPh3kGwPasp7yjahc,0.815,0.0127,0.0683,0.946,-6.366,97.01,189.787
4eLQPgkIwZI6OlllntlLdF,0.7210000000000001,0.00444,3.54e-05,0.829,-9.097,93.773,211.533
0AWpG6NUEaRZvS3eMvXkBg,0.7315,0.000214,0.143,0.688,-7.675,95.624,228.493
0vLwL4xuJ3s7SeaCdvMqkY,0.5895,0.0336,0.000194,0.777,-13.799,142.167,212.893
5XJ1J9QPxaOzdpkGxKU4lA,0.6475,0.0078,0.0233,0.657,-7.793,115.007,350.24
4peeKrE2StP6D2NuWAUEHK,0.4795,0.454,0.0,0.522,-12.9,89.611,201.28
7xUVverKyPPPAW3sDqXhfi,0.6355,0.43,0.0,0.781,-7.569,168.152,279.4
68K0qD0VDqdm0eWXsGqnvM,0.5365,0.307,0.00115,0.779,-8.769,169.938,251.253
3XorCFmcupSm5QS6hA9g4N,0.7495,0.0077,1.64e-06,0.615,-6.44,106.101,232.067
5EU1mh0C4Km3k6vGvIDN2J,0.6745,0.0155,0.0,0.713,-5.517,138.8,212.933
6kBU9uWqar0Fw2Ws0he11A,0.45599999999999996,0.791,1.48e-06,0.407,-7.928,111.873,254.48
1SYXw0U7vE9BpUw5bEFvKw,0.5765,0.704,0.00103,0.753,-9.712,126.179,239.293
1V1Zit6cgKzpewBwMjm3zB,0.6325000000000001,0.115,6.12e-06,0.315,-7.308,123.889,271.733
1r3kj1yMff7ilIsR7hpvUo,0.5895,0.717,0.433,0.527,-10.568,129.401,345.68
5MsJ67JkQ5EReZw6MJZgpm,0.577,0.0486,0.141,0.826,-8.154,181.879,279.32
2FFq7apKbtiPLpnyF92Q83,0.5195000000000001,0.219,8.27e-05,0.413,-13.22,81.308,267.853
5MdaYkcPOlyEX56YjlQhZJ,0.6845,0.206,0.00823,0.428,-8.959,102.016,245.693
3m45HJIgE7BIneHxczYYjT,0.755,0.408,0.0,0.75,-7.301,119.835,250.413
4lNy9vqCqOfSg4H7Xtd51t,0.674,0.0581,4.37e-05,0.822,-5.752,94.024,265.427
5jOvmh1DYmaiBPETL6HCRY,0.8174999999999999,0.00224,0.0826,0.854,-6.108,125.014,246.507
0cRKeVLUtMjqZN27zNcw1L,0.744,0.0804,9.22e-05,0.401,-5.088,94.999,196.813
77HkZxPvkQnNVDmoDkvn0D,0.6759999999999999,0.233,0.0425,0.906,-8.962,167.08,190.28
0xhUYzpw3I8UQbMfMieMEV,0.7505,0.0468,0.0079,0.892,-5.955,114.504,232.8
03aCFPwbQSECsbcZeq2Lca,0.668,0.00254,0.00214,0.453,-8.81,128.643,273.173
40ZViEcg2JVcLysJc627Rz,0.6105,0.133,5.41e-06,0.625,-5.138,89.642,244.093
4WOjFgYXA9UtYAwdwSTYZ6,0.6985,0.0803,0.000251,0.648,-6.284,90.141,275.96
5fVZC9GiM4e8vu99W0Xf6J,0.6915,0.269,0.0,0.361,-4.08,122.035,262.533
4IoYz8XqqdowINzfRrFnhi,0.5705,0.0187,0.0,0.4,-5.412,151.994,241.853
6c8QH9FMFKj0ZgNeiyOx4v,0.645,0.0204,0.0,0.733,-5.221,116.029,236.373
5l6hpyTGBK0LAAxgPnqTQL,0.5195,0.0575,4.47e-06,0.283,-3.015,78.039,266.773
1oPHQirLVcgj85NWdiyuJD,0.7164999999999999,0.0315,0.000221,0.809,-3.515,112.026,189.28
66S14BkJDxgkYxLl5DCqOz,0.7010000000000001,0.151,0.0,0.807,-5.177,131.922,219.467
23rc0FT9mCa12LjYSeDXlW,0.554,0.154,0.0,0.499,-5.862,79.297,259.933
0KpfYajJVVGgQ32Dby7e9i,0.78,0.217,0.0,0.768,-4.432,97.03,216.667
1wAXODAAL6hY64ZdhrnjBO,0.804,0.000983,1.51e-05,0.73,-3.198,122.033,196.627
4ocbH5ZJqajZIpUrqRUoue,0.6140000000000001,0.0863,7.58e-06,0.594,-7.775,90.02,239.933
0E29BKKGCJHcb7b9oIWgGB,0.6465,0.0746,0.0,0.529,-5.368,166.166,242.2
4B2jOTUZBnlrjLHK1ertFR,0.5409999999999999,0.182,0.0,0.899,-10.991,148.882,183.52
2hjAc6x8EoSLhGxRNg8KEw,0.38149999999999995,0.841,4.37e-05,0.334,-18.758,77.464,155.453
683b4ikwa62JevCjwrmfg6,0.44399999999999995,0.501,8.3e-06,0.563,-12.207,67.409,274.04
3lh3iiiJeiBXHSZw6u0kh6,0.5660000000000001,0.367,0.00254,0.797,-10.266,86.204,205.613
4ePP9So5xRzspjLFVVbj90,0.7275,0.00162,2.1e-06,0.836,-10.71,103.731,256.733
0Yi128S6QgQDnAKg5A0OZw,0.5575,0.245,0.0,0.487,-7.289,83.653,208.067
46RVKt5Edm1zl0rXhPJZxz,0.768,0.0485,0.0261,0.891,-4.7,107.231,220.867
1WYEDcS7WGjv0rG7rmMX3o,0.6345000000000001,0.0339,0.0,0.537,-6.015,171.157,359.547
6jA1EDXarBl4yIGlMdHHGe,0.6635,0.0143,0.0,0.561,-8.07,117.351,266.667
4vDBJeeQCbhP9FaPPMsYkY,0.5135,0.602,7.58e-06,0.602,-10.016,100.22,268.333
3APayTEWiUl9Ssep4BOXR2,0.7435,0.0746,5.56e-05,0.599,-3.04,96.315,244.813
3aZPzF7Sr0zy3K0EkKyEzk,0.7055,0.277,0.003,0.926,-5.83,159.719,242.64
0n0eMsX7WgEtc7dlscbuKU,0.7324999999999999,0.0212,0.0,0.709,-5.095,160.021,221.893
2BdSaGVMxZzEeJYjjrlo6n,0.6835,0.0243,0.0,0.6,-7.971,83.987,261.707
6BQNJ0JFKh8sWjQLI6Zudi,0.6395,0.492,0.00563,0.542,-8.8,96.887,234.867
0z5E34e7ZT3XKMYQNXh6tH,0.54,0.63,0.0,0.21,-8.368,131.727,289.227
4QjjabJx7K14tHwxEVI0Xc,0.7075,0.214,1.55e-06,0.779,-5.636,97.854,228.733
2W2ieVidLIx9TDvxu0ZT6F,0.6905,0.0341,0.00479,0.824,-10.46,103.789,253.593
1OSHt41JSH5iFCltNMmBGO,0.758,0.0289,0.00829,0.736,-4.717,120.717,310.867
26JRni5Lqiyd9GNnlaz6DI,0.6295,0.0109,1.01e-06,0.643,-10.54,73.962,180.533
32lF1rsInDTdK6Av3KdfaY,0.761,0.17,0.0,0.744,-5.396,113.967,300.773
2vvwBjUBTQWZMIum68CPWx,0.4175,0.352,3.85e-06,0.321,-10.295,71.578,302.253
0RqAAh0k42Kx2bizDsYxKw,0.6875,0.649,0.0513,0.906,-10.107,90.203,251.4
62YYgRJArxcg2Gylt2nIvz,0.2905,0.91,0.00547,0.0855,-11.831,122.191,163.093
4NpJelqZbsX8U8CY1XF2p1,0.4675,0.643,1.86e-05,0.214,-11.813,139.259,232.667
1PEqh7awkpuepLBSq8ZwqD,0.5985,0.627,0.421,0.122,-11.977,103.773,239.96
6Qm9MaditCcx5V62rVHYqu,0.6605,0.273,0.0,0.257,-3.876,94.841,237.44
38A0qlAEbx9kP2StogKH00,0.548,0.22,0.0,0.409,-4.222,185.495,238.52
0kr6d8wHDQPlzuET33NVn6,0.6094999999999999,0.00466,0.00303,0.652,-9.101,96.103,217.68
0ySdXfvOy7zCc59yz2Dx8q,0.7284999999999999,0.0588,0.0,0.759,-3.959,187.338,206.76
6wFemJ1Oh4gnTalNKgtvBg,0.734,0.222,0.0,0.867,-4.583,138.208,302.04
6JGQ98So2ik5GVI9ydQ2Yh,0.6295,0.251,2.1e-05,0.554,-5.439,76.071,262.747
7MoKXLQeI0Bh2QodCjDO4K,0.6645,0.0263,0.683,0.964,-7.516,126.007,230.64
27QvYgBk0CHOVHthWnkuWt,0.8085,0.00379,0.00351,0.329,-6.449,115.998,316.813
4k6ktr10Hczmh55NY3LfJy,0.825,0.0542,0.00184,0.946,-5.567,115.625,368.28
2m0M7YqCy4lXfedh18qd8N,0.7925,0.0658,0.00832,0.804,-4.164,116.467,285.093
1z3ugFmUKoCzGsI6jdY4Ci,0.733,0.264,2.11e-05,0.257,-5.285,111.037,342.68
0vVchT7htyhheP8anAnLMR,0.7430000000000001,0.000497,0.455,0.703,-6.194,127.209,273.827
3kme5Qos8h04yrKxsgur79,0.7775000000000001,0.0261,0.0,0.865,-5.039,113.239,229.28
6ioBgySxoeQKALvAeLEmId,0.7985,0.0108,0.0,0.893,-4.585,115.57,239.093
4FMNpPI7mkhdeFCCk6fZiE,0.7855000000000001,0.082,3.87e-05,0.371,-5.186,119.867,238.36
4B2r9HXgUqRcPwUG3BYPlc,0.765,0.0298,0.0036,0.827,-3.073,136.098,242.24
6B4oVElDIKRNcNUary0WG7,0.6905,0.107,0.0,0.511,-6.606,95.001,224.32
7izFzcBTx3DVXFeFYDeZKB,0.47850000000000004,0.341,0.0,0.319,-7.698,80.133,320.467
3DlRZM6zKSlAZigHbJQ3cp,0.638,0.122,3.53e-05,0.286,-3.909,122.448,260.76
5sC4GlhZ9zCb6gPxSIbX5j,0.7035,0.0273,0.000911,0.724,-5.605,100.124,249.733
0badzfVKdc475dNMlmUvfy,0.72,0.0453,0.0,0.718,-5.743,119.987,291.867
3ZpQiJ78LKINrW9SQTgbXd,0.6739999999999999,0.111,0.0186,0.931,-11.179,120.091,272.107
5XrfFo0JFOnWD9ZMNXGkQh,0.6120000000000001,0.0482,8.43e-05,0.292,-7.091,95.415,323.4
0KmylOmsEL1Lqo8GDP80LJ,0.714,0.00563,0.000592,0.52,-5.558,104.693,247.0
6Zx8uNRC67HsJmWE99Kzhj,0.6675,0.0399,4.98e-05,0.713,-8.31,113.036,257.44
1iDYoLIMqZjp7CCaI6uFTr,0.496,0.811,8.56e-05,0.565,-8.951,154.57,190.827
4RvxfpW2BCbVn6CULiWlqi,0.7395,0.0642,0.000328,0.739,-6.526,127.243,230.0
7trABhQmiqt7UdIAmLm2hA,0.6325000000000001,0.00628,0.0,0.884,-5.446,117.999,231.693
77QCfMGmEG334ZR9QR5zAR,0.597,0.00573,0.0,0.543,-8.685,108.031,225.947
2HpIvr7MWwxpvVmvbFwRBf,0.546,0.0067,0.0,0.476,-7.902,168.019,238.667
5v7Q7cLMmFp1wp4BVd5D0d,0.5315000000000001,0.106,0.0,0.479,-9.455,89.051,340.173
57FjXaShXrVKQ8SyiuI8qQ,0.6015,0.427,1.33e-06,0.361,-7.191,109.933,274.933
0W6JbfjzWPdK72DjNOukAO,0.7184999999999999,0.0124,1.93e-06,0.807,-6.893,83.012,210.04
5EjZXJ4nVpw7uI6eso1SFS,0.5135,0.5,0.15,0.258,-8.121,97.492,231.867
1HL3yEnYq8LEyFQ3QegA5V,0.609,0.122,0.0191,0.555,-10.764,101.1,316.467
1GrikfH0jDejDvrxo84n4P,0.733,0.078,0.00697,0.495,-8.942,123.091,301.2
586bkJBqAeLkTy4n1pb8nH,0.7585,0.00449,0.0028,0.74,-4.142,114.494,283.133
7BEHswOuVrFajPeaDAZCbR,0.87,0.00251,0.00152,0.71,-4.751,115.219,285.347
1FxXNL5NGwKPQvPKUxa3VZ,0.8485,0.329,0.273,0.848,-3.02,109.136,214.547
0NwoZGQ13M8E6bvDT0f5vv,0.8055,0.186,0.00813,0.489,-3.535,99.41,296.333
1ZlkTsDGC9SMF3oXSXJLFY,0.8335,0.2,0.00338,0.83,-3.029,127.918,254.707
4mr7WFqQzE4NuQ4QlMhS2G,0.38,0.02,0.0,0.261,-6.059,175.73,242.64
4hjuUelurEBKlqpJPJ77Iw,0.8035,0.203,0.0,0.682,-3.892,110.019,203.44
5x45ULRgVLL68exMoRCcGt,0.7484999999999999,0.00534,0.0,0.615,-6.543,100.01,258.36
4VZDv8sASBS8UruUBGTFdk,0.668,0.4,0.0,0.546,-9.897,97.8,266.867
4CyvKTtdLUiKAYnmMMPNIl,0.47150000000000003,0.213,0.0,0.198,-11.509,146.353,278.533
6jJCk7oHNwyowOUaF3gXEu,0.831,0.07,3.62e-05,0.87,-4.678,118.092,220.227
38bDGWuyYdSdNfrFfbCiVS,0.839,0.0849,0.0,0.892,-5.204,145.024,288.4
4iiIHK46Csj8W7dDEviJf5,0.748,0.0348,0.0,0.916,-8.896,107.874,241.907
6SluaPiV04KOaRTOIScoff,0.5945,0.0746,0.0,0.706,-4.069,181.838,229.227
0idCpkJ2pspfAILbanmERu,0.6875,0.00465,0.0152,0.857,-4.439,200.102,221.293
1fUHylttRDqDImLCcgFLDs,0.653,0.1,3.06e-06,0.551,-7.871,103.113,225.613
6NGi23FFKq9tH5NR1NcTw2,0.5249999999999999,0.0353,0.0,0.256,-6.278,142.57,318.533
4WnYuVFXe6Si4fZqkxbnvS,0.4945,0.208,0.0,0.495,-5.125,170.773,258.333
4x6gUDeNzAB273nhsNIeuG,0.6835,0.589,2.04e-06,0.7,-9.158,83.72,248.893
5WcpqJMDqpIf7U3guPS9hR,0.6605,0.0706,3.1e-05,0.633,-5.871,97.137,215.827
0qnEQN2Af0f2Rsk3SWlM5B,0.663,0.442,0.0,0.872,-5.303,75.03,132.693
4QXhRjZacZ1gZUeL7Ukktw,0.5405,0.2,0.0955,0.802,-11.41,188.214,361.107
6VrjF67WFChXh8uYYBfeRr,0.602,0.35,0.533,0.473,-6.773,93.171,241.013
5Hz6aGrZZizNBoJ6kE6Rqi,0.729,0.346,0.0102,0.603,-5.577,115.142,266.008
4Cmpnt9GsAoF60tEdmpG3j,0.5655,0.53,7.67e-06,0.192,-6.263,90.021,292.16
1hzIqi5jrM3fKqMI8Bhjvo,0.685,0.158,0.0,0.755,-5.512,115.012,250.827
5pkMrPKCZ7gMYacSzFBZCl,0.7485,0.0954,0.00679,0.728,-8.241,120.254,279.456
5BE3DOk0C26VCMxxT84bec,0.77,0.0108,5.74e-06,0.738,-9.759,93.934,259.627
69uJi5QsBtqlYkGURTBli8,0.3685,0.846,9.65e-05,0.113,-16.728,124.689,332.96
6Ceejf3zBXvAhIY9DbP1Pr,0.7175,0.0631,2.13e-06,0.954,-13.478,102.633,227.573
6JssQFiBCi6ZcE6060S9A7,0.5365,0.538,4.19e-06,0.551,-8.431,125.036,239.24
0lJ9Ay3OhcBA9vvAQfIium,0.573,0.00324,1.87e-06,0.568,-7.718,113.009,240.733
4UDxOH4I6aZYrQiTcSV9oB,0.5755,0.118,4.82e-06,0.372,-7.21,83.374,256.227
00U0pedRUMEzREpyRqbVT6,0.6459999999999999,0.628,0.017,0.85,-9.698,167.796,263.813
1Rvl8qsKJurfFTyWLBI9ib,0.6990000000000001,0.0528,0.0,0.776,-7.269,147.518,249.52
1UtxIyLkTt7iR5TcWLt8IT,0.5780000000000001,0.0217,6.53e-06,0.558,-8.105,189.704,220.733
2uu8gzmiJo1F3d8L5NiUY0,0.6915,0.131,0.00388,0.671,-6.006,112.488,157.747
7aR1QwbQa26sjDXiVMLik4,0.737,0.0393,0.00294,0.825,-8.605,172.455,208.827
1ZoHRnS5U4m7V5pgvFiK1N,0.6315000000000001,0.000639,1.51e-06,0.442,-7.405,153.01,236.067
5yVqBhvmi3sBahhaSYpl27,0.7035,0.012,0.0,0.663,-6.22,155.88,227.227
1p7w5NP0wxPZ7hXxC4fVB0,0.6825,0.000847,0.00248,0.645,-5.401,134.792,231.773
59IMJ1XHmOXRFE072RQafl,0.676,0.0645,0.0,0.652,-6.653,124.396,230.8
2UVLuddklEVak5PXgC7baA,0.7875,0.0153,0.0196,0.924,-4.053,121.554,231.787
5aQhE8nksoDjPFQQExUQfs,0.7715000000000001,0.238,0.0012,0.868,-7.225,114.886,392.867
7eBky33UQEUKp0sNhcU6rW,0.633,0.028,0.0,0.503,-7.564,188.012,255.053
2KUXfKopU8tHX5ynlhK9OS,0.752,0.00832,0.0,0.7,-6.576,102.026,268.36
1q079w75oWgmvtepDOMBzQ,0.571,0.0129,0.00193,0.624,-9.226,91.105,272.973
7mP4fGwTDxoTOfQtxeAiJS,0.8345,0.0845,0.000262,0.966,-4.933,113.804,237.12
5DiXcVovI0FcY2s0icWWUu,0.6975,0.183,3.06e-06,0.726,-6.542,141.621,272.293
7IsEXPk6qqt30FfQv4SZMa,0.764,0.143,9.67e-06,0.908,-5.648,120.837,257.093
3rR0XoCFCtPkGr1SOJGABW,0.4855,0.359,0.0,0.402,-5.574,136.591,266.28
0760lqVK6PJlO1FZLYjPT6,0.7250000000000001,0.0387,0.0,0.933,-5.772,99.945,217.853
3AyMvFH3AppsBxtV0FE6DH,0.749,0.0216,0.00431,0.691,-7.905,99.738,292.333
0BfcEHpbpAvvZok7OnIHEN,0.756,0.0834,0.00258,0.975,-4.496,109.916,219.867
1t2Hq2WIBcZINOEnK6mdJG,0.62,9.24e-05,5.46e-05,0.583,-8.786,119.567,239.227
7GbqE3MlkKosIaCvf50JRK,0.7805,0.0144,1.49e-05,0.653,-3.769,109.919,264.893
14uiLlBzEQOqXxJRa7S4cL,0.7945,0.0203,4.02e-06,0.949,-3.205,118.977,232.44
5prTs2HAw2G4idHZyeFp8o,0.5465,0.195,0.0,0.184,-8.179,130.276,269.787
2BPfKiV9U0CR1dpUgeUwuH,0.7430000000000001,0.193,0.000188,0.965,-5.682,108.804,215.773
5kg57mIZxVEy2vBhk1aPMb,0.7805,0.3,0.00333,0.5,-5.868,111.968,251.6
2LKPCm25tP68EP8w5SczZH,0.6375,0.204,0.00027,0.678,-9.341,92.667,296.773
7zhtLp2V3lNXdllknAqbKk,0.738,0.175,0.0,0.957,-8.021,117.652,240.533
29r3fDexnrto7WABfpblNH,0.8185,0.0444,0.000358,0.954,-4.04,128.501,203.267
1Jwc3ODLQxtbnS8M9TflSP,0.8075,0.00344,4.66e-05,0.819,-7.818,103.022,204.707
4aVuWgvD0X63hcOCnZtNFA,0.6855,0.00783,0.0618,0.808,-4.797,96.556,235.547
0bSr5pybJSlgG5OZH441gF,0.7655,0.163,2.78e-06,0.716,-13.357,142.782,255.093
1tVzVPIcCFz5QUMGLPHJEc,0.5309999999999999,0.106,0.0,0.616,-9.112,143.221,156.907
00MI0oGDVJYM1qWbyUOIhH,0.7575000000000001,0.0418,0.00669,0.724,-7.201,137.639,231.08
1txxsCjhGm8hBPR8HuZaEu,0.7145,8.16e-05,0.783,0.961,-10.367,128.375,267.865
2tn2gCHz6bOEEut7MXX6Wa,0.717,0.08,6.26e-05,0.693,-9.147,128.744,286.827
2HdQsJeDUPfMHjZNaKmSkO,0.7185,0.0134,0.000571,0.786,-6.047,147.286,221.587
2HuHopKnnuGQEpGb0CssCs,0.7785,0.0222,0.0,0.607,-5.252,129.442,205.227
4nTYxxF8iWBq54LO3dBUie,0.782,0.0504,0.109,0.676,-7.752,109.116,330.933
6qrC8gIgaE8fnz8L4qUvur,0.7125,0.507,0.00637,0.796,-6.16,178.017,182.64
5KvIQUPOrWc4M3tWyH3x1i,0.769,0.236,0.046,0.838,-12.799,124.983,234.973
78wTOLl1ANJtgOkOoNNZ06,0.7195,0.0162,0.0,0.964,-8.789,131.223,165.627
1ayIQqBm4PFbaine2OjgYO,0.7725,0.0496,0.0231,0.646,-8.889,151.526,151.867
173PnvZh4grHTf31DPXDbJ,0.5765,0.000364,0.895,0.661,-12.348,145.499,219.933
6hQszXJIYhtjmSTmDqZpeU,0.6285000000000001,0.00677,6.63e-05,0.821,-5.554,127.238,279.893
7BeV8s7R68eqPelMmvp5tu,0.7545,0.149,9.24e-05,0.899,-7.433,109.196,242.4
4SlB94iGs5OYzKbZQzl71S,0.6990000000000001,0.0237,0.00203,0.215,-9.321,102.118,269.373
7C6NcqS3fNDXLgP5L2Kbgp,0.704,0.015,5.47e-05,0.8,-3.391,151.111,212.133
0ZEXLvA1oGRMZCbbfRNdky,0.742,0.00075,0.0021,0.483,-4.297,135.956,215.293
1YCsTFttuHAzgfEWKdOb9K,0.8795,0.0139,2.6e-06,0.958,-7.665,115.384,307.773
6sleEAnBH0sZMe0pOQNidG,0.7105,0.00736,0.0447,0.637,-9.455,115.269,297.093
4MI0gAD5TlqYXVyV6JePrT,0.7705,0.0037,0.00352,0.449,-4.955,125.399,275.84
4pZ2aqPV39Gw3FuHrWKWnM,0.635,0.116,1.23e-06,0.455,-5.661,100.004,205.24
6FJ9tWxUGMnxdHRq34azpF,0.6425000000000001,0.0008,2.99e-05,0.519,-6.757,120.29,163.667
6CU0zWIWVTEnmWpSjVHM93,0.648,0.211,2.72e-06,0.498,-9.985,94.029,245.2
3GpdNg7Krt9vjc6tgDoKe1,0.725,0.113,0.0,0.526,-5.534,110.368,257.187
4rV3AYCf4BBBCkIpyLPwUP,0.609,0.173,0.0,0.568,-13.652,98.783,222.773
596XLiW6tohIgkcTMf4M6a,0.6395,0.559,0.0,0.309,-5.485,134.187,387.573
3K7Q9PHUWPTaknlbFPThn2,0.7745,0.145,0.0483,0.906,-11.795,121.632,298.867
1nbMkRhfldXcmCyB83x8lK,0.6875,0.00582,0.000511,0.534,-3.92,169.209,227.147
5WQ1hIc5d2EVbRQ8qsj8Uh,0.843,0.0588,0.000249,0.964,-2.435,79.505,235.213
747tpec1a0Hfqvj2za1pBs,0.8009999999999999,0.0852,7.08e-05,0.912,-5.007,133.57,161.2
0knqVSsgD7C8yu5yNmQFbA,0.46299999999999997,0.845,0.000234,0.439,-15.317,147.874,310.0
3AgvZyLH4sWkII5bnU80aQ,0.6405,0.107,0.0031,0.924,-10.723,182.415,233.533
6wAV49hRfOiCTHztORMy8Y,0.714,0.0296,0.0,0.626,-5.644,115.04,200.293
5CErJMf2Phf8CnwHbh7eCX,0.53,0.314,0.000109,0.228,-10.806,82.877,314.76
2sph044IEVZqycefwrH3Jp,0.589,0.132,0.00466,0.497,-10.113,157.993,282.24
6txWz9UapYHVxEd7dDIHXT,0.4325,0.619,5.09e-05,0.566,-9.342,148.117,217.107
4ZrbWwFHHjPoe7cfUBJ9WQ,0.5645,0.331,1.51e-06,0.696,-7.484,70.469,168.0
3pVbA69fLbVMwEv7ESCTm5,0.7795,0.00823,0.0,0.775,-6.099,127.984,228.027
46skXIpN30AGmgxk3r6k4z,0.6795,0.0625,0.211,0.61,-4.354,110.289,171.267
07iHAswcApphvyllRDQrEa,0.5425,0.0425,2.33e-05,0.161,-7.016,119.917,280.04
00sPD3dShAg2v5BFDwgjlO,0.687,0.39,1.03e-06,0.493,-4.981,123.125,212.373
265Anh9hGoozFigjUVLUeD,0.7415,0.47,1.09e-05,0.854,-8.692,150.04,203.653
4PV0bnwPoCpFHzLyzYMZqe,0.829,0.261,0.000193,0.777,-7.984,102.93,325.64
1qJemJSZsdqH2DEqXAZWNJ,0.472,0.253,2.52e-06,0.399,-4.772,178.568,312.48
6wLr2oR8eqUG5Beleh2Crm,0.751,0.126,0.0108,0.851,-9.012,128.349,276.36
7FNIEfhhBlzsZFxCwI5Nwh,0.7829999999999999,0.000154,0.293,0.686,-4.866,114.996,213.24
0DIvnwPKoE9gNRSKRjotEq,0.523,0.424,0.00025,0.272,-4.283,201.602,226.507
6kYMu0guz9F1BMoTh7w9iD,0.6165,0.0499,0.0,0.5,-4.488,164.099,211.533
4lY95OMGb9WxP6IYut64ir,0.6655,0.0104,0.0,0.221,-4.168,107.486,277.72
5t0Pxx2Yy3emqcla0EsINn,0.6265000000000001,0.513,2.91e-06,0.732,-12.183,102.224,192.213
1xkLLbpo3y4KNy64EFVB9C,0.618,0.799,0.0,0.504,-5.832,115.884,172.04
15vASgdsk0J4BrkZhVTxFG,0.7155,0.0342,1.51e-06,0.749,-10.73,122.864,245.96
1HOMkjp0nHMaTnfAkslCQj,0.643,0.0589,0.00125,0.897,-9.558,147.245,295.4
6NdcSEhpGGAYXNnnhGS2s6,0.7285,0.319,5.34e-05,0.92,-9.637,159.81,175.4
0RMo4bixbZYfzuJ4AYBLu9,0.5980000000000001,0.0778,0.00112,0.812,-14.932,122.585,260.493
2ENmkocNNewTRbuNd6WJpR,0.743,0.000341,0.0386,0.936,-6.855,104.074,209.813
7MapZTlRqFfUteNcghsTwf,0.7230000000000001,0.044,0.0,0.795,-5.177,90.004,190.48
7tg0OrYieTMcQmxIczNMqE,0.702,0.00975,0.0,0.863,-4.095,89.998,172.813
4uLo3el3oXuxQxHhDHJr40,0.735,0.251,0.00306,0.915,-7.978,125.011,269.773
5pKvHoHL75csBTMxfv4AzK,0.6445,0.243,0.00176,0.764,-9.117,97.968,249.253
3gJgUanZ5JcFZJ1a5hM3dw,0.504,0.304,0.000228,0.542,-8.151,78.884,122.64
1oEAgyttglJYkh909Byp4B,0.428,0.824,1.72e-05,0.426,-11.219,75.114,257.24
0xt3oHUZchlHPhiWXoADM5,0.7135,0.0432,0.00246,0.955,-10.187,154.534,222.093
3aSWQJcWnnqgwYbAgidvlV,0.7,0.204,0.0,0.964,-4.809,126.736,163.68
0PpamSdfQzIAvj5OB9Bz54,0.6915,0.0615,0.0,0.718,-4.908,119.534,182.467
1vxw6aYJls2oq3gW0DujAo,0.721,0.0505,0.00714,0.64,-4.589,111.97,177.466
7cpCU3Denug5NGZsSpQl8v,0.404,0.749,0.0,0.353,-9.753,173.67,213.627
4Uc4WOtHhzAwKb7D4H6tbq,0.7495,0.0956,0.0377,0.823,-5.995,153.269,232.71
5xxtmIcGkXQC6vDcsgK7Dm,0.7985,0.44,5.32e-06,0.519,-3.255,105.014,188.453
3SL2uCihyxHCty0zoPeDbD,0.69,0.0455,0.000952,0.634,-8.892,173.934,226.373
5V7mUCSR3pPVB61Co2YiG8,0.656,0.24,0.0,0.709,-6.55,91.554,247.333
1hy6Dic0L5SU1XqjhYY1TR,0.7425,0.0499,1.7e-06,0.842,-3.659,137.996,188.893
5DTC3DHIgdAgwV3TJuIu4g,0.469,0.54,5.22e-05,0.642,-9.529,120.274,149.707
1pN019EGnvc2QiWlspOSfO,0.6545000000000001,0.161,3.97e-06,0.624,-8.79,129.042,229.84
4SlCb8n5Jw52astU7GWPyV,0.7415,0.146,1.64e-05,0.889,-7.822,116.951,262.733
61lqNlVRnWYiR9C7BDJw2l,0.747,0.0528,4.84e-06,0.823,-2.571,122.807,223.147
1wRHNlEjTmpaXv99BFAGnV,0.747,0.048,0.00535,0.861,-8.659,114.65,222.427
5nXrQSvdyp19uYNFncDR40,0.626,0.043,4.3e-05,0.333,-5.18,106.502,353.16
7c13Xlndg43PnSzpHRD11d,0.6345000000000001,0.205,0.423,0.518,-4.708,88.319,229.453
0tJGzJjUVlEsn8s3Mn32Jb,0.73,0.0179,0.0,0.893,-5.51,120.003,189.84
2OpY5KKUvkYAkiY8FEG1Wi,0.723,0.0151,7.44e-06,0.732,-4.757,115.01,204.467
60Ctoy2M8nmDaI7Fax3fTL,0.755,0.0175,1.02e-06,0.912,-2.337,164.68,185.76
4HLM6DcjYkNercQ8FIgfQd,0.49350000000000005,0.617,0.0,0.486,-6.227,165.851,178.28
6IV1D2lygrnHcAgVdunfYl,0.752,0.0461,0.00035,0.802,-7.464,119.93,268.307
2g2GkH3vZHk4lWzBjgQ6nY,0.599,0.627,0.0,0.885,-10.23,128.518,125.44
1AC9ECGdlReQMJLnerSLIY,0.6034999999999999,0.496,0.00128,0.962,-11.778,90.179,287.04
0GG7ei637NDIN2w11TWtLC,0.712,0.06,0.0,0.945,-5.364,160.082,219.2
5p9XWUdvbUzmPCukOmwoU3,0.677,0.225,0.0,0.664,-5.713,100.38,201.707
4cKGldbhGJniI8BrB3K6tb,0.698,0.0504,0.0,0.741,-6.389,93.898,257.067
0vWCLHyiA1G3eqBPnY1WFW,0.6165,0.0243,0.000153,0.729,-10.59,121.608,199.827
33EWQl3SDMyCyloqA6A3B6,0.7515000000000001,0.0352,0.575,0.526,-6.663,109.73,225.973
6vvYOBxKmCvUSEQgxdZiAq,0.6679999999999999,0.0251,3.08e-06,0.937,-4.671,111.854,198.24
0gEyKnHvgkrkBM6fbeHdwK,0.4365,0.0783,4.87e-05,0.204,-14.918,94.845,274.707
4rr67zXmEYf9ykLigeEsbv,0.4305,0.0148,4.84e-05,0.551,-17.227,81.833,236.933
2yBVeksU2EtrPJbTu4ZslK,0.5680000000000001,0.284,0.0,0.985,-15.308,120.736,223.867
3wf3jWAQHsnPNfUtNSQvkz,0.6555,0.0175,0.0,0.723,-5.446,123.144,180.173
2OSfEYKhlSsLx6vn4O75RK,0.668,0.441,0.0023,0.947,-6.264,98.264,178.493
1kJvrbsl8CGG8yTt5n4jEl,0.5900000000000001,0.479,4.38e-06,0.874,-7.438,127.296,265.8
0fLgxhfATkNRJGca4rCu9X,0.47,0.1,0.0,0.461,-8.662,95.063,255.707
3sks3fxIzjffXVaTC4Dl69,0.6950000000000001,0.13,0.000702,0.833,-11.652,113.477,231.093
5L7zWiRiXDPNvTLLoXvIja,0.606,0.132,0.0,0.706,-11.641,149.306,223.267
2VNfJpwdEQBLyXajaa6LWT,0.8245,0.00644,0.0107,0.555,-13.141,102.689,241.92
1jQNuXoP9ppDtPbPqGibRA,0.736,0.00649,0.00115,0.579,-5.125,99.948,202.933
7KEguG3CDoestm50v6XET5,0.73,0.117,0.0,0.629,-6.078,114.226,234.707
4kK5OeUdeMbzLOZrmutUc2,0.729,0.156,8.34e-05,0.841,-9.421,101.564,194.507
4IbO6Y9VBWvNaiRrQPHuIW,0.81,0.211,0.0487,0.77,-11.995,106.543,288.067
5n9QhVJS3XSjSc9kNJNEIU,0.7675000000000001,0.575,0.235,0.92,-8.209,102.779,157.667
5MI3QLr8Dimr9C1d464nni,0.766,0.0011,2.65e-06,0.2,-2.779,118.011,233.813
12PIGj5af8InI0f3mycuLU,0.7395,0.0167,3.77e-05,0.903,-8.917,123.232,200.893
2JPhjahxid1Y6nv6keJ3q2,0.765,0.073,0.0,0.895,-6.797,113.272,210.293
3jDdpx9PMlfMBS5tOBHFm9,0.774,0.00631,0.0,0.612,-5.379,95.487,213.093
2L82XvyoCvUgePuljcA00o,0.664,0.0201,0.722,0.815,-9.076,90.028,235.093
2pjhbhe7wLELjw5PiEHgU1,0.7170000000000001,0.587,0.0037,0.915,-9.498,104.143,260.507
3v8vsQfMQio7ohYqFrEsaZ,0.786,0.0557,5.68e-06,0.919,-6.571,117.147,333.507
0ObLFkX9bnGBZMFVeLFRN4,0.708,0.295,8.54e-06,0.961,-8.384,113.799,246.293
59K6GctkD8lWljFYa8eE6D,0.889,0.153,2.32e-05,0.831,-3.461,134.524,254.4
4sscDOZCkbLSlDqcCgUJnX,0.8245,0.0744,0.004,0.957,-7.255,157.902,161.133
3CKLPDN1AIOYa7QPpy6oDH,0.5415,0.0421,0.000465,0.732,-9.074,128.013,235.467
648BMGrt98kUbLo24A4vgj,0.7235,0.0025,0.000347,0.963,-11.089,140.873,245.467
5KYoPa5akZxiCn38xelbqI,0.628,0.335,2.38e-06,0.869,-11.623,121.737,184.173
05wIrZSwuaVWhcv5FfqeH0,0.7324999999999999,0.0116,0.173,0.944,-11.97,109.902,238.733
2a1MrtxYybqFV1Ow8VJ1dW,0.7125,0.00309,0.0,0.576,-7.978,120.041,265.027
2NmpZSCAfrpYSdxos8hIri,0.7455,0.211,1.29e-05,0.388,-4.268,97.891,395.6
2vEQ9zBiwbAVXzS2SOxodY,0.722,0.0298,0.0,0.534,-4.921,95.988,270.333
2KjYhaRlB5NtCJ0JotvJhZ,0.642,0.0196,0.000343,0.38,-4.29,111.497,234.4
7wUihHzj1WEH14nk1rQB6D,0.7065,0.166,1.82e-05,0.685,-5.487,119.385,172.827
1QbQL5m30YNvukitIqAnFG,0.6475,0.258,0.00015,0.719,-11.469,127.736,320.528
2oZGpVkUrvh7uDOgXwBliN,0.7135,0.0837,6.32e-05,0.75,-8.1,112.93,253.469
4cqUq7n3ad0DhJ2JCVw34v,0.732,0.212,0.00035,0.775,-7.702,122.04,224.96
78TTtXnFQPzwqlbtbwqN0y,0.427,0.875,0.0,0.354,-5.662,205.846,188.238
6fA7akEuTUL3dW1V0GELaZ,0.6739999999999999,0.0404,3.85e-06,0.527,-6.814,95.468,256.133
6izhPbUU3CeMYvTT74YHnb,0.7190000000000001,0.00621,8.11e-06,0.375,-2.215,130.003,238.8
1i1rNVtxbE7rdFfpHuNq2j,0.7324999999999999,0.00159,0.0,0.431,-5.717,122.977,227.344
0Z7O8GMQShj9TJrm2yX1R6,0.6955,0.123,3.01e-05,0.821,-5.824,129.893,244.107
6ich2xMH5AR39V85miIAN8,0.6425,0.00791,0.0,0.462,-5.13,154.746,217.76
2BcvvHttiZRvguFM4hR398,0.5825,0.475,6.57e-05,0.784,-12.59,115.078,250.0
0BuhyFIoYROQCptB6bXsYR,0.7795,0.0724,1.24e-05,0.949,-5.835,118.752,232.853
78AYMFLk1nrkle3yHWxfVi,0.481,0.0366,1.16e-06,0.17,-7.099,95.346,182.876
0vOkmmJEtjuFZDzrQSFzEE,0.6605,0.117,3.31e-05,0.944,-9.05,127.402,171.267
1NSjV4Ji9MKtUQDXHAH4k0,0.5615,0.364,0.00167,0.583,-12.205,98.507,250.889
5AoBNJQDXXEnIJGjJjZu3y,0.6795,0.0194,0.000249,0.732,-10.727,105.894,327.427
74DrA5fFoGSy4xgkZarZtP,0.3275,0.244,1.42e-06,0.148,-13.682,140.243,256.173
7rjMG5Lm94fEdQ9XxD5WLg,0.7475,0.133,0.000557,0.798,-6.917,115.696,243.867
0BhAgu3p85JlNbg6Mh4bvZ,0.539,0.677,0.0,0.292,-5.374,103.72,322.933
26vKwxgkbm2jcKyjvmScPK,0.8049999999999999,0.0145,0.0222,0.797,-8.993,124.916,343.4
4uOKFydzAejjSFqYbv1XPt,0.6625,0.00414,1.32e-05,0.843,-8.53,89.119,183.733
0NoGSzVLs8inHEf5MMvJDP,0.631,0.0457,0.0,0.375,-6.131,111.919,235.667
4iMdiQO0YJwEkWf8eI2wff,0.6739999999999999,0.152,0.0,0.796,-4.808,122.58,244.587
6CEKntwndUlmWhSRflWA5X,0.654,0.686,0.0,0.804,-10.618,121.874,200.973
0wJyFu6JHwUoKQN5X3uzVe,0.7295,0.269,0.0,0.824,-7.737,124.922,224.2
0z1b34WikhOH9ZxU8QDWcv,0.62,0.000655,0.005,0.752,-8.968,107.531,312.627
460Wn6Dq2uMviG5nPXtPnb,0.827,0.173,3.18e-05,0.797,-3.311,94.911,207.027
64I0RNxqFbNJuPYS0q881G,0.587,0.0448,0.0,0.747,-10.77,156.723,257.693
5bfqi6PMdqOkrUVZEoTAZ6,0.7775,0.0476,0.00322,0.921,-6.389,107.779,241.093
5UqqOfFa9DYXALpCCF8VwB,0.681,0.0476,0.00665,0.485,-12.907,108.535,289.68
3XG801WWhqC753dekEBkMt,0.775,0.119,0.000371,0.826,-5.472,95.02,269.973
02acUMylPHMjJ9miDc9b38,0.582,0.0152,2.63e-05,0.524,-4.818,188.017,256.6
5XguLH3qJiYb4pHUnNVrIT,0.6174999999999999,0.0565,0.0,0.531,-10.452,156.584,213.6
75PHqzep3Lf11sIYP5ps5q,0.751,0.232,0.475,0.854,-10.291,110.521,250.24
53t0qoKIstEnyoqUFKicpH,0.7505,0.00365,1.06e-05,0.971,-6.435,117.634,247.0
5MUJqe1tLqAqUjRxPZtgEX,0.7475,0.166,0.00033,0.933,-9.112,98.966,235.64
5PQiefXRFrXh90GkVHKp9q,0.5165,0.432,2.57e-05,0.239,-7.674,138.774,347.907
7woiAgRHZjKd9JGkTmkOiw,0.6905,0.00146,4.14e-06,0.329,-4.332,160.561,322.933
0wokCRaKD0zPNhMRXAgVsr,0.562,0.0131,1.12e-05,0.401,-10.171,140.124,340.2
0lIoY4ZQsdn5QzhraM9o9u,0.6145,0.0542,0.0,0.473,-7.748,123.539,204.8
3QmesrvdbPjwf7i40nht1D,0.4935,0.909,0.0112,0.547,-11.342,144.171,250.907
1dnXuEuApvuVqQCn0v9McL,0.6565000000000001,0.229,1.5e-05,0.556,-7.25,105.01,183.72
7Cj2tT0m2SBeIO1PsGfk8A,0.5185,0.818,0.0,0.364,-6.305,97.911,249.535
4k02jULYYtVsBE8yLHuYhi,0.72,0.0535,0.0,0.528,-7.312,134.921,238.747
7q0aQpiLv5tIsupcgQ3Ny4,0.586,0.0846,0.0,0.389,-8.303,127.81,200.733
7lL2lMWNtzOcf5HnEudNgn,0.716,0.245,0.0151,0.774,-8.203,114.58,139.507
5WjDmjD39LsFCRRALhorjd,0.649,0.607,1.52e-05,0.544,-6.553,98.067,179.347
24hkkk7UZRHG84Jdawn4gw,0.6425000000000001,0.417,0.0,0.918,-10.515,117.073,169.973
3MFa9idQuY4iJLWsZl3tIQ,0.6525000000000001,0.13,1.58e-05,0.846,-9.304,115.388,248.36
5cLsk5E7Au4hkTvCQFWHMJ,0.691,0.0466,0.000315,0.636,-8.496,100.975,228.893
22PxYxtUfgEelvVWAEjcRu,0.728,0.169,0.0,0.784,-5.851,95.903,231.093
2wA4C7X7O9hMjuemyHwLgd,0.695,0.269,4.36e-06,0.736,-6.631,154.941,213.445
6RsWqX8zABZLhZydXxEFOm,0.736,0.124,0.0,0.593,-5.416,107.951,213.52
1EPmjXdSdJgP08mrrmnw7h,0.4885,0.885,2e-05,0.43,-8.772,140.904,232.64
3Njxl86N4inxFi5xBuCoR1,0.621,0.0794,0.0,0.583,-8.904,120.963,281.227
4vS8VaBwJJV5Ry7UFIQuoo,0.766,0.00346,0.00123,0.274,-3.081,98.007,176.561
0ENSn4fwAbCGeFGVUbXEU3,0.46599999999999997,0.336,0.0,0.289,-6.095,157.966,295.493
3556vNt6SuQPqt15VFfRWv,0.6205,0.0198,3.85e-06,0.215,-5.339,96.11,227.507
0ZWSpn7UgqAp4exbKEUD5g,0.488,0.8,1.18e-06,0.61,-11.032,139.949,225.053
4kKOvNj0AsVNc10cfPcEQh,0.5205,0.72,0.0,0.514,-9.112,79.023,225.977
6su14iUXShlMI5SnEkwe4J,0.5700000000000001,0.6,0.0,0.437,-8.267,82.987,129.227
3j0oJtPonSYt9f5jHVLb91,0.589,0.57,0.0,0.633,-7.446,156.996,175.615
2l4ksm7B0cGydefyGjY1oO,0.7765,0.0202,8.42e-06,0.63,-3.808,110.025,213.391
5MPKyneFpCbBLs5caFtdsH,0.802,0.00378,0.0,0.724,-3.779,105.476,172.48
1IBhM2fxQv5bbtumnnKhEU,0.594,0.194,0.0585,0.848,-6.393,164.654,165.16
7FSRqo6WcCBpGbrOkCOiky,0.628,0.554,2.87e-05,0.791,-13.676,129.998,76.947
0xAe7A0kHcqDOiezTf8Wnw,0.529,0.506,0.0,0.454,-15.124,82.729,160.947
57J2znxukXsXzS3XPuZ1TG,0.802,0.0354,0.0496,0.921,-6.763,136.299,222.84
43eBgYRTmu5BJnCJDBU5Hb,0.7085,0.0415,1.82e-05,0.676,-7.425,140.902,337.333
0M5EaPIXN3FneJ7exwpYNM,0.6185,0.0188,0.0058,0.974,-12.848,155.033,158.56
44cHg0JIrS144r7qLupD9o,0.49450000000000005,0.0407,1.75e-05,0.351,-6.986,126.086,210.613
4MFCXniy7I8tj0GXtf3wgC,0.781,0.00205,0.000175,0.53,-3.887,111.995,263.787
3zkWCteF82vJwv0hRLba76,0.75,0.0152,0.0,0.746,-6.684,149.882,206.88
2UgZeV435iztRTLrUeOrtk,0.535,0.414,7.11e-06,0.526,-12.494,144.048,274.867
5KqldkCunQ2rWxruMEtGh0,0.5860000000000001,0.342,0.0,0.86,-13.119,87.04,214.88
5OWokvF4QOqMDQ8ByQsm6V,0.716,0.0723,8.83e-05,0.864,-7.466,147.274,215.44
14bUqUj1EUnQabWeAqnj39,0.7464999999999999,0.0519,0.905,0.753,-4.056,90.647,130.32
5iW1BuP8SARrIz6rmSdibY,0.6405000000000001,8.3e-05,0.601,0.192,-7.041,134.963,192.24
3OeUlriM0EZHdWleJtjoVr,0.8105,0.465,2.03e-06,0.963,-6.947,149.206,234.653
7gMOe0gXYcELUoVugfMmHP,0.756,0.175,2.6e-06,0.961,-7.243,150.792,253.2
4nXkbcTj3nyww1cHkw5RAP,0.7435,0.0916,0.00211,0.843,-7.275,117.399,207.267
38i0QcGQ9hu8PMk4QObUTj,0.518,0.0144,0.000211,0.92,-13.729,188.643,131.52
4QEbXYWpDDWHzXNINdZlzW,0.6054999999999999,0.252,3.77e-06,0.683,-5.542,79.39,263.827
6voO8ZG9WTBG6ALLtzTZB5,0.581,0.0962,0.0,0.588,-6.774,94.576,173.253
5AyF5z5CF4zRT3qY7JYjL3,0.582,0.262,4.06e-05,0.271,-8.195,99.915,253.043
12VPYOEM6y4uobCmEwAFK8,0.837,0.0349,0.0,0.68,-3.589,120.018,189.098
1AWQoqb9bSvzTjaLralEkT,0.8025,0.202,0.000234,0.818,-6.055,100.972,267.267
0R03f3Axt495bkgGhivLEe,0.7084999999999999,0.153,0.000462,0.499,-5.155,75.979,313.133
0aj2QKJvz6CePykmlTApiD,0.735,0.0729,0.0,0.87,-5.351,97.963,294.867
7jJH8F3PHlNvxfqEAAfFDl,0.6515,0.105,0.00012,0.947,-7.889,154.038,218.573
5qII2n90lVdPDcgXEEVHNy,0.688,0.0913,0.0,0.809,-5.227,88.059,244.88
6ECp64rv50XVz93WvxXMGF,0.7869999999999999,0.0525,0.0,0.809,-4.612,95.051,206.2
4er8NyQ8cFnZ2b643Tjc44,0.6805,0.00361,0.126,0.814,-5.99,124.444,224.8
5TWPfkeN07aERO0Yn2D2t2,0.6065,0.111,0.0946,0.795,-14.745,129.012,252.773
2yVgB9jAOHncthn5HEQoee,0.685,0.0988,0.689,0.806,-8.949,130.212,161.8
5XE8c07vbpQBUriwybOHtd,0.658,0.093,5.63e-06,0.802,-9.97,115.997,160.0
2ZFxZ4QNiciMhvJV2GjKWL,0.653,0.0101,5.35e-06,0.901,-9.19,89.663,139.507
1mpS5urVgrCj0jBOjii8RN,0.6435,0.164,0.00932,0.542,-6.992,118.769,172.24
24SGws6o7m3TzROMO5Qc0g,0.6890000000000001,0.689,1.8e-06,0.74,-6.815,76.939,163.107
1nBd6qQPLz2K3JabpCOC2D,0.623,0.179,0.000172,0.655,-7.705,112.345,348.227
2I5Z2JIIQX9d5XCOLDk8wx,0.6575,0.00312,9.86e-06,0.276,-5.728,145.992,213.428
7fBUnDgtSvYpYWuX4iAfns,0.7235,0.00315,0.000637,0.717,-5.959,106.01,213.427
4MZEZz8MqVgvIMXU6AVP22,0.7395,0.006,0.0117,0.498,-5.438,136.891,298.093
3pDEtP8fRPi7t7GrDdpmaf,0.7649999999999999,0.27,0.102,0.968,-11.771,114.652,296.133
1L8ywX9DcRYBcMTv5X1mF9,0.693,0.0608,0.0,0.664,-3.267,120.008,211.46
6yhVPXKXRblL2T4jFfz7mw,0.763,0.0512,0.0,0.835,-6.816,117.355,225.08
72FyfakDR6pi2vZv5JVYn4,0.7435,0.107,0.0,0.773,-6.896,110.218,231.293
1wZAaGMT6gnaCqck7dwjKv,0.698,0.00193,3.76e-06,0.957,-4.693,140.991,179.013
28ihR0IVqNXJUHrvax2PeP,0.737,0.243,5.39e-06,0.928,-6.952,120.274,255.547
7BVwi9cIzSc6tpyxsp47vJ,0.659,0.047,0.0286,0.272,-8.256,108.043,223.64
7tsRp7QKUBp6hc9bth0h7x,0.873,0.147,0.00571,0.881,-7.501,102.979,216.373
6tsMn9okxcLBklFQ2Sc8Ar,0.7995,0.386,0.0,0.819,-6.843,96.028,211.864
1mwt9hzaH7idmC5UCoOUkz,0.6135,0.00117,0.0,0.369,-6.057,91.958,225.2
3xknjTyLaJ1iGn21UDMAGO,0.692,0.175,0.0,0.63,-8.698,112.295,188.8
4FWDSxzRh6upc1r0cnWIPu,0.6675,0.276,0.0,0.668,-6.472,119.713,157.347
7kPYMrNaz5UTih75OfjTIV,0.6905,0.000282,1.31e-05,0.702,-5.125,108.994,218.28
50kpGaPAhYJ3sGmk6vplg0,0.4935,0.835,0.0,0.515,-9.828,100.418,233.72
0iSWAT0EL8TwmzcgBjKMh6,0.7735000000000001,0.149,0.0,0.882,-4.345,123.964,200.533
1Apsc59v5KojwhFEVmYoe4,0.8140000000000001,0.0106,0.685,0.76,-7.086,109.883,234.587
5B7XIcS5T76NJZFOHX30Io,0.6555,0.0039,0.00143,0.717,-5.324,179.566,230.76
78NSG3Hy7IV8er5qEo9BUU,0.6755,0.0136,0.000255,0.476,-4.696,96.952,214.827
635mzxhITS1xY3AVSLKgyD,0.6985,0.0279,0.00227,0.209,-4.296,117.148,211.773
758wp6xs3ADdgIwdeHoXmX,0.7505,0.00117,3.39e-05,0.294,-6.519,96.651,218.76
0oJ0tFwulNXaR0t10YWO1j,0.7090000000000001,0.0348,0.000634,0.879,-4.049,184.291,238.333
6Entpvfzak837q0yFA1olE,0.6565000000000001,0.0266,1.66e-06,0.782,-7.804,92.985,266.0
7jWu1xqelf7NN8bWtqVECE,0.664,0.179,7.13e-05,0.782,-6.344,171.825,258.6
6iFP92AND2nfZrEQyY0mN8,0.6395,0.000919,0.000253,0.572,-6.295,88.676,240.067
3DwFmPs6pzLobxk5lcwihk,0.8440000000000001,0.0228,0.0304,0.655,-4.454,105.978,244.56
4KFM3A5QF2IMcc6nHsu3Wp,0.5105,0.396,1.05e-05,0.647,-17.707,102.013,267.267
3cfOd4CMv2snFaKAnMdnvK,0.7989999999999999,0.0395,0.0,0.776,-5.881,104.019,200.373
2JAf4C2jcUAGixxywJEUvm,0.8554999999999999,0.498,0.0,0.967,-4.756,123.284,206.413
0UVIXwqfTjefBbDyY60MWB,0.7805,0.0147,0.0,0.83,-4.667,123.716,150.773
0IF0vGwaJQ8ZCh0QxhW6OV,0.7885,0.637,0.0,0.757,-2.937,124.944,233.0
7wCH9DbgRs7ujHeqNy6oAS,0.539,0.45,0.0,0.642,-7.119,133.758,212.56
0lKsSpY9PpHFcg7bb37U7G,0.683,0.0869,0.0,0.584,-4.131,125.94,172.907
5eQtR62IZ8P8qZM2pSD9Ip,0.5954999999999999,0.232,0.0,0.529,-4.806,85.984,283.0
477uFn72G9TmZ5ouu23rMZ,0.6775,0.374,3.42e-06,0.974,-10.635,111.594,363.573
6j6bTAiW0oEfLlAjmRNcbb,0.3895,0.0286,0.0,0.33,-9.996,81.993,224.72
4faFAhOflLzhfJECveRwva,0.7235,0.033,0.0,0.858,-3.152,171.79,226.64
2yARskwKoNDTbL61y3qqjy,0.6659999999999999,0.194,2.6e-06,0.787,-5.948,75.824,215.12
30cSNer6TV8x2utjULVeQ5,0.674,0.004,5.07e-05,0.527,-4.905,137.046,238.92
4TsmezEQVSZNNPv5RJ65Ov,0.7095,0.000155,0.00077,0.498,-8.415,99.019,246.96
1bLG2x4ePXBr6TXFBOmXRk,0.7424999999999999,0.0271,0.00256,0.562,-4.981,128.023,215.76
0aUWfpD3PlSv3FTTKcT2rN,0.5489999999999999,0.0476,0.0,0.227,-4.799,180.158,243.093
2GLqM8YTSdpaQ58NrMe274,0.4565,0.417,0.000376,0.312,-10.002,134.867,350.84
6BD1X1PeV5UzYUdiVaD2yL,0.713,0.434,1.1e-06,0.641,-7.717,130.109,243.267
4EiZBnBOWr1RVsDew9zYOX,0.7015,0.119,7.69e-06,0.676,-5.598,129.012,266.32
54oAT2kAmUkmIpKe445pn1,0.3965,0.9,0.000234,0.269,-12.054,100.036,227.013
1VQozjsttylAZVgi7jpDlT,0.681,0.00167,0.0,0.561,-3.82,98.285,211.427
5hOTdKV507VFMG0vp4O2Wb,0.754,0.00152,0.0,0.827,-2.647,135.52,193.52
12fPYntS7MBJKdZkF4Juzm,0.851,0.00106,0.0,0.963,-3.366,128.926,192.227
70OTIpw8x8UXUsuCHW9i1i,0.717,0.0997,0.0,0.606,-5.576,138.098,192.107
5ZcmP16SFTTgHT7WyZYWNQ,0.7045,0.0373,1.72e-06,0.66,-4.046,143.246,266.707
6p0jnwYfrpov7CJG5Ucyzp,0.715,0.064,1.57e-06,0.482,-5.222,119.997,255.653
6pf9datdAtxQj4EU8UYHSx,0.544,0.0488,0.0,0.66,-4.669,199.246,167.693
0qAMjeQFyd1qD0LDiV8gWp,0.767,0.328,0.0,0.917,-7.788,104.833,172.373
4A9E08l34BkPsCDAmOpHxb,0.5925,0.485,0.0,0.369,-5.368,80.039,214.56
09CtPGIpYB4BrO8qb1RGsF,0.7070000000000001,0.0797,0.0,0.41,-3.669,99.945,200.787
0n8ob8S72lvznoVfiwz4qL,0.586,0.0342,6.59e-06,0.193,-5.053,139.42,242.52
1atxtvAHagXDZYTuUWAoEC,0.601,0.204,0.0,0.337,-6.445,148.15,280.96
4FEAmHZ3UXRAzP5354CErS,0.7115,0.157,0.0,0.753,-5.685,85.125,219.507
4MymCsjbOkhuP2kWNSZgLo,0.6535,0.383,8.59e-05,0.645,-5.654,94.693,168.973
58CrldAc1Z5WIBozT1NMJH,0.3005,0.929,0.0,0.36,-14.001,67.011,281.467
6BUZX2MNhJs0p13ezYtOLp,0.75,0.0218,0.0,0.362,-5.096,97.084,225.533
1TfqLAPs4K3s2rJMoCokcS,0.7015,0.225,0.0,0.875,-7.498,125.135,216.933
05zCw24BdvZKGeC5NXowVe,0.6765,0.43,4.66e-05,0.881,-7.062,119.632,252.373
2RlgNHKcydI9sayD2Df2xp,0.363,0.652,3.72e-06,0.477,-10.054,177.784,303.373
40riOy7x9W7GXjyGp4pjAv,0.5435,0.00574,0.000494,0.609,-9.484,147.125,391.376
2TjnCxxQRYn56Ye8gkUKiW,0.226,0.946,0.000222,0.18,-12.749,60.3,213.713
608xszaAxVh4m7NcKJiAbF,0.6305000000000001,0.0603,0.0789,0.765,-10.385,110.061,291.686
4yugZvBYaoREkJKtbG08Qr,0.6225,0.343,4.95e-06,0.74,-10.39,139.191,211.578
02BsTeJE4q5gWOTt58ur5U,0.5265,0.69,0.145,0.49,-12.397,85.094,295.05
6gXrEUzibufX9xYPk3HD5p,0.7110000000000001,0.0966,6.94e-05,0.883,-7.246,109.535,286.22
5lQKRR3MdJLtAwNBiT8Cq0,0.671,0.203,0.0271,0.867,-9.754,132.68,381.999
4EFkvOhgAmlHEfDfvfSoh5,0.792,0.0173,0.0137,0.53,-6.208,131.697,212.853
3O9zeBmAi5JRBMSpIQGx2v,0.76,0.0159,0.0,0.778,-5.405,125.472,217.693
0RnMlQJGwZXwoUcVCkN6Nv,0.352,0.548,0.0242,0.577,-18.281,189.268,179.933
4bltr2sgQOeU13onNoHUTc,0.48550000000000004,0.138,9.45e-06,0.514,-13.111,83.151,234.467
30TAqC5wzM0CbUDt4Hdr6j,0.496,0.287,4.01e-05,0.121,-9.267,90.924,293.733
4uCbetXW9LStYPUjCpBVp9,0.4735,0.545,1.25e-06,0.561,-11.454,77.583,199.267
4yQw7FR9lcvL6RHtegbJBh,0.6585000000000001,0.251,0.0,0.926,-10.817,110.051,139.733
4iu5Eu0fB9xMkVrBr9Kph4,0.348,0.589,6.51e-05,0.411,-14.496,76.943,213.373
1W4c3lEi67BG5Ev7CgYqNi,0.585,0.00572,0.000845,0.407,-4.455,151.93,214.067
2x0supcZhd6NEH1nem9DnR,0.5,0.453,0.0,0.467,-8.786,127.671,213.267
60VcYHxoyOdZyFb1EaKJdN,0.718,0.226,0.00335,0.953,-8.773,144.376,274.893
2fx1hkMHTVdDim274rwoPa,0.757,0.678,0.00197,0.948,-7.403,92.31,212.8
5MoDQWMDMaAGDEiWsJfeCi,0.442,0.525,0.0,0.4,-7.239,78.988,238.027
3jYRpwbctfqB77uU7T7K3U,0.553,0.0229,0.000219,0.933,-8.604,131.011,279.333
7rPLZ8Krm6CZIbraFUlnWZ,0.2525,0.91,0.000633,0.0997,-10.647,72.416,212.04
0kLLthAD6xWYsLdg2maf5O,0.7789999999999999,0.188,0.183,0.737,-7.076,105.896,225.6
1tsWNtWxi7SVydMm2G1W6Z,0.727,0.236,0.0,0.831,-4.509,109.252,180.587
5RgFlk1fcClZd0Y4SGYhqH,0.308,0.797,0.000473,0.384,-11.996,176.631,201.373
4tRS4DFwslGYlFNNACiwRN,0.3595,0.97,1.38e-05,0.225,-12.221,74.04,175.48
7HgpYzYrBLbBLyInU2FaPY,0.55,0.0553,5.04e-05,0.334,-5.772,160.094,329.6
2BHpfgnikV4gvozw0yCGkQ,0.7070000000000001,0.00379,0.000653,0.963,-3.673,103.922,187.6
5Th6EdNVhxp0TPX41ZLZk6,0.6635,0.0118,4.95e-05,0.896,-6.403,162.477,212.707
3lGBRoe3c6oV398Xwgf7c7,0.7885,0.181,0.00204,0.969,-5.803,96.674,280.267
2WI0hPlzHkaq13kc5KyY15,0.72,0.0292,0.0,0.798,-3.471,131.95,174.667
22PMfvdz35fFKYnJyMn077,0.726,0.332,0.0,0.481,-4.848,144.926,230.12
7Ewz6bJ97vUqk5HdkvguFQ,0.4855,0.0465,0.0,0.335,-7.315,140.059,243.36
2LQktBKYD12TpS38YOZJH4,0.49550000000000005,0.554,5.62e-06,0.151,-8.347,67.004,353.427
4alHo6RGd0D3OUbTPExTHN,0.599,0.0152,6.4e-05,0.69,-9.307,127.224,225.627
7BvuV4c1BGhaRapcXvRu5z,0.742,0.141,0.0136,0.966,-9.335,133.924,185.026
3PnEn4pp5hZ7KovNzLGP3o,0.6255,0.0585,0.0,0.819,-5.768,100.154,209.813
63bc4JoI436mExBDiMSbos,0.6910000000000001,0.136,0.0,0.616,-5.3,186.045,241.507
1OO2Fp9PsnaayiekeXuGJX,0.6015,0.616,0.0,0.757,-9.738,73.131,278.0
0bqZnsPz4klg5TuWGcKb34,0.5485,0.725,0.00617,0.806,-12.82,80.557,200.147
6mYrhCAGWzTdF8QnKuchXM,0.6165,0.243,0.0,0.504,-10.365,108.329,239.827
3AJwUDP919kvQ9QcozQPxg,0.545,0.00239,0.000121,0.285,-7.227,173.372,266.773
41dDygR3r7e926oGUXfrLt,0.665,0.0405,0.000788,0.963,-9.506,110.565,307.307
0qRR9d89hIS0MHRkQ0ejxX,0.628,0.461,0.0,0.817,-6.644,169.519,142.787
1qjrYozGqc7upUgfN776lZ,0.4945,0.354,0.000894,0.205,-10.81,150.038,185.293
4kbz7rHVbyjKasuuqelccQ,0.5215000000000001,0.33,3.5e-06,0.302,-6.789,169.951,240.04
751gBcu62kORDelX7FV0mM,0.6585,0.284,0.000538,0.738,-9.928,79.98,217.827
2fja4gHzPsIXiK4bMeU0hN,0.5845,0.214,4.21e-06,0.881,-15.147,105.922,227.173
4cIwg5VY8Lo1NYwq7llOth,0.7370000000000001,0.241,0.0214,0.87,-11.396,101.019,245.36
3mNecsYFb6LQg7822DPXCP,0.7104999999999999,0.000891,0.0,0.66,-5.204,96.493,189.333
7ffwRz8lZyDOE4Vj58Lo72,0.881,0.486,9.75e-06,0.792,-2.563,115.061,227.707
5Xkvi3GZeRGah9e5px61gG,0.7055,0.0244,8.82e-05,0.506,-7.472,190.365,237.76
44S2QyLV7ZmZUHBSdF80od,0.709,0.214,3.8e-06,0.812,-4.714,164.24,267.88
6b4XiypqlFspJPej2DNRhC,0.5025,0.337,3.67e-06,0.523,-11.357,76.709,252.122
5iUzEn2QzBW0KEWNQO1KQC,0.17755,0.94,0.0,0.0767,-13.002,65.346,215.027
0n3hdlinZYNly8NqAtvJHu,0.7355,0.0715,1.98e-06,0.794,-4.975,120.026,270.973
5YNf9s8WE3iF33YaFNrgpa,0.5655,0.794,0.0,0.756,-10.634,124.934,203.8
41FRsZNXpsBkJ46BxyC20m,0.6535,0.611,0.0,0.763,-9.798,150.13,172.667
4U2b99X9hSSDjPbHCpIeJj,0.4645,0.757,1.22e-05,0.954,-7.212,121.288,150.6
2b29qJRy4asbQNFjPO96XC,0.5625,0.243,0.0,0.368,-7.981,123.208,294.867
0KMGxYKeUzK9wc5DZCt3HT,0.49649999999999994,0.0193,0.000828,0.276,-6.784,104.212,235.373
411Ecgzht1ky1mKDSl1N7R,0.581,0.0812,6.08e-05,0.662,-10.457,123.555,247.2
7wZUrN8oemZfsEd1CGkbXE,0.647,0.188,0.0,0.225,-5.886,104.036,262.467
51UtgWS4z1eMPuLQOzPtNH,0.6930000000000001,0.119,0.00427,0.748,-8.638,166.163,211.08
77L4xaFqybbatleuBbYcMf,0.6785000000000001,0.00349,0.0304,0.65,-8.769,117.502,221.587
70K0ezmzYEZeqoSaZMyP7o,0.4065,0.817,1.04e-06,0.174,-8.644,107.005,280.757
0IF7bHzCXCZoKNog5vBC4g,0.356,0.82,0.000215,0.128,-9.217,111.202,197.577
0EFlTGZ6wsxK1kqhMc0kFY,0.491,0.865,0.0373,0.465,-9.205,73.071,188.133
0B1zVsLqmV9ibIFdNS5tGs,0.708,0.0531,5.57e-05,0.81,-8.29,119.884,182.8
3NNkJwiHucP5QyUEAIMXra,0.6085,0.0281,4.03e-06,0.146,-6.924,97.279,185.587
2ZbFPXkcaYPq3tu1mLJkjk,0.779,0.000768,0.00149,0.145,-9.984,119.933,201.32
4IU1RL4BKvFyXtbTwaHAvW,0.627,0.223,0.000206,0.818,-10.205,130.771,211.387
2h41e1ebabMfij3upGdymH,0.602,0.185,6.97e-06,0.85,-6.26,146.659,232.36
4mOxpj82q6n3EO7HBZCelX,0.567,0.344,0.00842,0.402,-8.05,167.83,264.2
2fmIPKZ6dpko0N4MQuzH4N,0.6625000000000001,0.0758,3.34e-06,0.965,-13.277,127.5,308.067
63Kd1PdGiJk3RYgZAenL80,0.7075,0.14,0.0,0.665,-4.833,119.999,207.693
0r4SsYcwvd8URat6AS2m6f,0.703,0.133,0.0,0.799,-3.923,98.022,201.122
4LloVtxNZpeh7q7xdi1DQc,0.3055,0.771,0.0,0.436,-13.262,172.638,263.573
5jx8tCxiO0uIbo2uNia23K,0.574,0.697,0.0,0.352,-11.542,123.942,259.04
2rDwdvBma1O1eLzo29p2cr,0.5615,0.00706,0.0,0.445,-4.732,185.948,227.32
78FHUZRbFDCG6VkRAQdFLm,0.393,0.134,4.57e-05,0.443,-14.281,99.162,343.933
5JGxJFdgOQdJZdmyEzDtTj,0.6970000000000001,0.00895,0.0,0.717,-3.988,154.897,179.387
20IUhlKKzDpSjqb51C4XD7,0.4575,0.81,0.0,0.287,-8.547,109.554,267.04
6wAdud2CBNp7or2s5k6RLD,0.5025,0.534,0.0,0.265,-7.034,76.106,239.803
4z7gh3aIZV9arbL9jJSc5J,0.76,0.0457,8.38e-06,0.468,-3.823,104.985,213.213
36cmM3MBMWWCFIiQ90U4J8,0.871,0.0334,0.493,0.759,-2.125,127.941,222.187
0PRiQvE5UAJgkV9lMelB6S,0.5045,0.028,2.1e-05,0.292,-10.366,118.11,277.373
51PJ2iCdBMEfxtVk3iy4p1,0.6995,0.497,3.13e-05,0.859,-5.416,127.085,200.013
0OwvrdjaJOypNsNQHyBWE5,0.6695,0.555,3.48e-05,0.539,-8.407,94.582,177.227
4CLZ3D2RCI5ZCfB51D6NwB,0.6985,0.0525,0.0,0.517,-3.939,127.923,226.987
5jcSbsPdXPY4h9lxErt9j5,0.3915,0.962,0.00381,0.325,-6.906,178.999,243.334
676Rf0qIOh2gKNEl9TnCOx,0.6635,0.404,0.0,0.877,-5.867,132.966,164.16
0CjrIEPmqIKnBHy99hun3v,0.5115000000000001,0.559,0.0,0.231,-9.174,129.776,262.667
0ky5BaGgJJnYATgz2KAc1q,0.6495,0.04,0.000406,0.97,-14.933,131.103,307.933
2muAecnIVuUhcekgW2FZx9,0.6535,0.000662,1.23e-06,0.808,-5.228,190.04,205.227
6u0hGtFBFprngMBY1F6jgi,0.5880000000000001,0.0427,0.000273,0.358,-7.019,95.931,186.167
01Uy5oU4RsO2c85jSCqDbY,0.8085,0.0663,4.63e-05,0.759,-2.3,102.367,222.48
1qEHgdFqUxFebMPk8s2HLY,0.8175,0.0156,0.0,0.912,-3.398,108.033,248.64
3CJvmtWw2bJsudbAC5uCQk,0.655,0.0147,2.44e-06,0.466,-7.161,111.016,200.68
3kguMbJma0qhOLniGsFlKq,0.5705,0.219,0.0,0.671,-4.938,188.267,140.133
0h7N5rOgTT1rSwLoj9f3Bk,0.6719999999999999,0.509,9.34e-05,0.753,-7.092,146.773,142.12
5Qe7NHxeLAn8KoLTNLSdwe,0.5994999999999999,0.525,2.08e-06,0.936,-6.905,130.915,146.72
2D2u93x695mLEvAoCJZ8Yl,0.46900000000000003,0.2,0.0,0.903,-9.643,155.209,129.227
3iD2CCv5bsJRIaqJRYD0uJ,0.2715,0.88,0.0,0.345,-12.44,96.744,125.533
3hNUYt4dMM9RhcWmty8oKF,0.6815,0.117,0.0,0.698,-10.553,137.732,169.613
1U9KXf8iMIHzNnG0Zb0Mzr,0.6595,0.016,0.0,0.846,-8.635,122.469,148.453
15F4pkkx1np7W93qQfqr80,0.5865,0.464,0.0,0.385,-10.671,103.206,147.227
5dfvhl9mJqgMVLNm3LAMnG,0.5525,0.219,0.0235,0.503,-8.998,113.069,181.6
6tzFM08UuwxhuftjfUqaQA,0.4125,0.343,3.2e-05,0.692,-9.7,100.371,228.653
2IWBUE3nED9Apuqhdov9O6,0.584,0.302,2.86e-05,0.827,-9.905,99.313,209.893
3m7V717IKZqZLW5qUIOxdD,0.47700000000000004,0.028,1.36e-05,0.668,-10.158,145.164,431.333
5bIEpKwEFgJzB7U3gFaeKm,0.538,0.0362,0.00126,0.371,-11.164,129.157,187.373
5jgFfDIR6FR0gvlA56Nakr,0.40650000000000003,0.754,1.41e-05,0.372,-14.361,93.699,138.387
7tRfXqwVVTVJ9okC2AxkLe,0.7215,0.00575,0.000105,0.545,-4.697,122.064,204.773
41dwfdVGLtjXxIKE65yUWP,0.752,0.122,0.0,0.824,-3.556,137.968,206.867
2lnzGkdtDj5mtlcOW2yRtG,0.8125,0.236,1.12e-05,0.872,-4.862,107.661,196.16
4EUyYRMOyIWEd6tesaiYU6,0.7975,0.184,0.00184,0.829,-6.249,121.003,253.067
5pfznNIfG6LJNcKX0gIGHJ,0.6765,0.0673,0.0,0.64,-5.463,90.956,212.093
5EguuJExDacyMTFMcsEtaJ,0.6295,0.726,0.0,0.756,-7.007,84.996,240.107
60hmtJmGbsAEXC0KCKMlN3,0.708,0.141,0.0,0.483,-7.108,122.531,242.44
2txZKGnh75sFb3FFnuwjgF,0.6935,0.451,2.26e-06,0.649,-5.315,144.005,220.587
4obmNfBDRw9zS4yAi7oLuo,0.6659999999999999,0.0033,0.0,0.615,-4.696,143.974,203.499
0j0DNujXWeupLpZobbABoo,0.6275,0.261,0.000113,0.348,-6.609,154.09,236.683
612wYIL4HPG8KaSpy25wna,0.5815,0.111,0.0,0.558,-7.853,154.018,230.785
5rLuVBrnva3n0QDlPkIUmW,0.708,0.0835,0.0,0.742,-6.026,109.991,178.24
7aHRctaQ7vjxVTVmY8OhAA,0.7845,0.052,0.0,0.656,-4.897,144.091,296.08
0DTClHc5h4amnE2hLi4HTq,0.5755,0.0625,0.0,0.389,-5.773,117.93,240.0
3BWEkM0jE8RlrAa9vEi51T,0.798,0.00101,8.65e-06,0.624,-7.96,126.341,269.36
0LrwgdLsFaWh9VXIjBRe8t,0.4275,0.505,0.0,0.41,-11.75,114.719,217.747
2mAguyBQ2Xey2yOmwIpL3B,0.6675,0.0568,0.0,0.883,-7.788,169.209,316.44
5x53pbGk6sbl1BGom19QQ5,0.4875,0.398,6.76e-05,0.69,-8.395,113.688,163.893
6UaocmOO1bO7YwfHv9Kqcy,0.528,0.127,0.0,0.537,-8.539,89.724,280.093
3Ux7C60BicWsk6dxA0rRh7,0.641,0.174,0.0,0.955,-7.139,146.338,213.6
57FvuUotRyzRl8hwIhCVuO,0.6335,0.634,0.00051,0.842,-15.903,125.143,249.2
26VzOzsJvbFwSwwRFsIWDc,0.8260000000000001,0.0543,0.0,0.961,-5.69,130.19,291.733
5nsGkdnAbqZ0q2LZLsTCku,0.7595000000000001,0.581,5.55e-06,0.892,-5.106,96.3,183.4
4tEpvocDTdNVR9DYxnJTFy,0.4505,0.413,1.56e-06,0.465,-14.127,82.214,250.067
4mXpixzgguwhl2ft0dBI1z,0.759,0.0868,1.59e-05,0.897,-5.501,105.577,259.04
48p5E25cFPanxuwCTmTpuL,0.7525,0.0864,7.72e-05,0.358,-10.141,118.01,220.96
3YJ6K4D5dT4iGTrpcKUI6Y,0.866,0.203,2.71e-05,0.815,-7.912,110.532,221.08
03kCR9HZpX5muU7D8xYPOL,0.611,0.00796,6.15e-05,0.462,-5.097,158.054,311.173
5IMtdHjJ1OtkxbGe4zfUxQ,0.6725,0.467,4.1e-06,0.949,-13.668,138.714,276.493
69eihm0ByPDKtOnZ2B9mA7,0.7545,0.0367,0.000372,0.767,-5.099,110.732,214.96
10LRRKPmx8uHcSxLVWK0ct,0.532,0.336,0.125,0.724,-12.617,136.542,237.12
0cxEPV4gEmfyZ5Lhja3ks1,0.5065,0.548,3.29e-05,0.515,-10.097,71.426,415.04
4I3VMhZDVr12BW2VCslDXm,0.7235,0.00946,0.0,0.854,-5.101,115.123,269.6
3rjONa9b7zc16b8nmXAuCG,0.637,0.000827,2.37e-05,0.91,-10.817,157.01,217.44
7vGo6GXSO3A7YO7zZSHt0F,0.7835000000000001,0.572,0.0,0.961,-7.01,142.59,216.573
1vJOi8S2MSq3jZsni1gm4x,0.65,0.0023,0.00347,0.881,-10.834,156.988,179.027
1Q34tAtTWI6RdW1qzFQiPb,0.599,0.137,6.66e-06,0.767,-10.932,88.827,165.4
47tJOTbralFZKVBQcQbMYa,0.6459999999999999,0.113,0.0,0.192,-6.36,123.986,244.107
4aSedc1lV4OOY1a20re1HE,0.6565000000000001,0.0371,1.49e-05,0.672,-5.043,170.059,188.747
2nGFzvICaeEWjIrBrL2RAx,0.625,0.167,1.34e-06,0.542,-7.844,96.038,215.36
0pGyXRaXMjWFasWjO4oDNi,0.6645,0.0642,0.0994,0.869,-5.355,109.981,178.987
63ouCvRO1W9dpCl4D9Iotz,0.7070000000000001,0.000698,0.000961,0.447,-6.154,119.969,199.68
1XUKItaRs2494LclJwHhl8,0.4805,0.499,7.84e-06,0.36,-14.48,76.064,200.579
6EuudaFtwibd4tzcWjonb2,0.6765,0.242,0.0,0.812,-11.048,108.758,215.253
0IWo5qf33F8GeBVG8oSyPv,0.418,0.406,0.000346,0.277,-8.239,139.694,243.44
1VNThYTuhquJ9cD8MvXAu2,0.4145,0.287,0.0135,0.169,-9.678,143.506,258.64
2G2YzndIA6jeWFPBXhUjh5,0.64,0.181,0.0,0.818,-7.032,129.657,160.907
6COtET46lPGVXefrfHUkHI,0.48850000000000005,0.824,0.000477,0.224,-13.798,104.916,193.111
2WDMGUhTUQwOc5kquW1fHU,0.6955,0.187,0.00389,0.811,-6.357,105.348,152.453
2sYGPshMy9Rmp1818G1BQl,0.7845,0.000532,0.0219,0.778,-4.925,120.033,238.467
2Foc5Q5nqNiosCNqttzHof,0.8025,0.0426,1.07e-06,0.862,-8.966,116.047,248.413
5OQGeJ1ceykovrykZsGhqL,0.7135,0.0541,6.8e-05,0.768,-7.754,126.988,207.507
1K66si1ZELsRZzg7m7mcps,0.7295,0.00607,1.16e-06,0.632,-3.154,128.047,197.72
50VxBFGtHRf8bGQnZWXjYY,0.62,0.361,0.0,0.853,-5.159,122.13,245.587
59lSpLoSWWolbjWqm5vLFp,0.40900000000000003,0.866,0.0,0.222,-9.403,144.878,272.813
0Ohb2OGQiYWNVPSMprmBtM,0.753,0.11,1.21e-05,0.962,-7.015,149.583,225.507
6WjrgHvISFS0Oj3vk3XLiE,0.7305,0.328,0.000133,0.802,-8.288,132.017,232.627
5tOjRq5shlEdm15nmJBq7Z,0.5945,0.412,0.00272,0.461,-7.382,78.896,153.067
794pcMq18sBEsmwjRq0aOI,0.609,0.0515,0.00219,0.386,-4.724,76.975,255.467
70d8omRI2p7qesFOiy55Ro,0.6735,0.0811,0.0,0.423,-4.998,91.024,257.96
3P7uAGzXdzTSrhJSawbjTe,0.708,0.0261,0.0,0.686,-2.135,169.971,186.533
1r1eut6GuXFFDbX0vd9NPv,0.7665,0.000547,5.61e-05,0.676,-3.842,122.985,205.627
6dCWWQ7qK2EE1lL6ySxFba,0.46649999999999997,0.699,0.00172,0.428,-9.663,138.215,248.92
4tCWWnk3BXinf7FllmSyHW,0.3185,0.614,0.0237,0.178,-8.036,188.2,318.24
37nxLdGbmgEYQYrqe14xOp,0.6214999999999999,0.0515,0.0,0.903,-14.105,112.989,249.56
1KU5EHSz04JhGg3rReGJ0N,0.56,0.273,9.04e-05,0.469,-10.07,91.147,287.44
37BTh5g05cxBIRYMbw8g2T,0.439,0.0208,0.000147,0.739,-13.034,80.647,331.2
0eFndjUBaTQdO81uRO9lBL,0.528,0.371,0.0,0.832,-15.387,125.268,138.733
5dFoWIiJ2814hRwMYDcFiU,0.43200000000000005,0.313,0.000114,0.355,-14.034,77.487,313.373
6lk0kAlqXJfs8Ryxrb0vD6,0.5305,0.35,3.52e-05,0.597,-11.165,75.798,272.16
4OI0mQIFAvlHFm2PPSOG0R,0.6405000000000001,0.434,0.0,0.652,-4.985,170.366,240.507
7ueorixD5oJzXskD3APGbA,0.661,0.246,0.0,0.413,-7.546,97.001,226.32
0j7p72ENUZ3P7gU2XSgF9H,0.581,0.105,1.38e-06,0.865,-7.421,100.878,171.36
32fKHW6Eac4yBXn9WY7Aic,0.597,0.137,1.99e-05,0.518,-6.832,125.77,227.32
0aCwxQS9Okv3683jgntcwA,0.5269999999999999,0.0579,0.000783,0.652,-9.306,125.136,313.067
0YO8KsprTrEUEvJevpI7Na,0.569,0.254,2.15e-06,0.743,-12.228,102.274,236.733
35sNK23iMCXjDsJa42rZDg,0.6575,0.744,3.38e-06,0.832,-6.227,129.966,229.32
40h65HAR8COEoqkMwUUQHu,0.601,0.494,0.00281,0.866,-12.336,142.686,257.963
500h8jAdr7LvzzXlm1qxtK,0.4905,0.345,0.0,0.728,-6.68,203.145,186.333
2pkPeaj86ZEVHhgAEncfp0,0.4405,0.643,0.0,0.345,-10.797,103.472,270.96
0xTY7Tld4DRxqUhxdw7bZW,0.676,0.168,0.00268,0.683,-7.484,152.87,297.973
6GRj6h2eUauCJXTDBkNXGp,0.7715,0.0059,0.0256,0.973,-5.471,126.467,219.413
2WM63pILSg6VzgCnu0OU6K,0.7805,0.158,0.128,0.873,-6.277,117.466,260.133
0jTyjoIkknooAyNpwbFuCT,0.6675,0.256,0.000281,0.594,-5.685,104.99,221.933
3x1v32I3SZNvC7q7bDhcGm,0.42500000000000004,0.334,0.0,0.649,-18.253,168.169,258.613
2Y18kxNc1F6Ut6t5eyKsRD,0.5345,0.614,8.42e-06,0.346,-10.004,75.752,340.867
5n49ULGNBDVOR6h8hQ8184,0.7415,0.292,7.72e-05,0.735,-5.066,109.631,190.587
12PlslqAWQUtiLoObNaj8a,0.396,0.793,0.0,0.642,-11.729,134.041,145.2
6LnjelBSl5xYpdfhfFTJbX,0.7835,0.163,0.0,0.638,-5.248,121.417,203.253
2MCiAzjR2Uo9cZUnWhGIRI,0.6335,0.224,1.44e-06,0.541,-4.187,133.335,124.107
3kXsXx9Ac55446EY2Mjh6k,0.479,0.0852,0.0,0.863,-8.924,185.948,193.627
3zxklD2EGecZre9MjEEvIU,0.4465,0.739,0.000379,0.5,-12.817,95.21,239.4
4a5ukOkjFL66xOTrJ9cE65,0.698,0.00109,0.0,0.422,-4.911,124.565,216.067
4dZhQj20JbKlD9oR0X8kjZ,0.5255,0.0134,0.0,0.2,-4.475,80.195,234.427
0PXWpNBYg52gABrn1qL1bD,0.6175,0.0456,0.0,0.437,-5.152,80.985,237.267
6R2QkjqfhsQhn3MsTYvMEz,0.8,0.00854,0.000154,0.731,-6.003,112.845,169.76
54ashUPqW5v7L533WeZ4cW,0.649,0.643,0.00737,0.669,-8.832,119.984,178.16
537yo062QIz16oQOgxmul3,0.5985,0.049,0.00151,0.36,-9.095,101.355,265.32
6FnuMo55jNECTDdS1nD5H0,0.708,0.117,0.0,0.744,-13.64,130.99,204.787
4Gmkqn3V7IMTkOmmiX7cbb,0.5725,0.377,0.0,0.185,-8.246,116.632,329.8
0T4wPYibBqtaiiPFuVyqlY,0.5229999999999999,0.207,0.0,0.119,-6.56,74.819,280.027
4wtHbIS26FOtpjMkaQQ8Zk,0.5685,0.00142,4.96e-05,0.283,-6.996,177.997,270.16
2h8iXIwEdEnQywhFC4q5e5,0.6565,0.0133,1.31e-06,0.355,-1.159,105.121,240.467
3pErM4EiWKf3k8KU3jjbXn,0.648,0.26,1.01e-05,0.857,-7.848,108.975,232.667
0Oa9Qtd0FuhcmLi3sWTF9F,0.8520000000000001,0.553,0.0,0.962,-3.523,121.976,269.573
60nnrRCOnqInSPpdZkBcNv,0.813,0.233,0.00191,0.444,-7.865,130.877,205.627
1HjZee2gl0X6EzgZuDuHub,0.7775000000000001,0.176,0.0,0.883,-8.033,109.598,179.987
6m7fhJkK6TbuGDFhBNpgyn,0.753,0.0733,0.533,0.833,-4.406,126.275,233.453
7cQfMIpBdUFWJt5B77ZhM1,0.5455,0.0512,0.0,0.473,-6.863,155.697,241.6
0eIfBjs1pMiRNkbngEATQi,0.701,0.453,0.0,0.553,-2.393,167.954,232.92
37FXw5QGFN7uwwsLy8uAc0,0.6455,0.621,0.0,0.352,-8.053,100.017,217.707
0XF4zGa9UNzwQN05F9GUKN,0.5675,0.477,0.00547,0.787,-12.74,104.18,233.04
7DFawVSjI88xR9mjnWwURg,0.495,0.492,0.0,0.204,-9.266,94.173,204.0
2PsHIonOTmX6bSrzIJSjyS,0.5365,0.509,4.9e-06,0.25,-9.432,176.086,306.933
2mIsJFPs5fKzPpmJB4KxMU,0.698,0.247,3.94e-06,0.617,-8.732,100.501,261.84
3kSXn1osC89W8JcPLozTzs,0.7015,0.146,0.000451,0.525,-4.632,188.03,219.0
7pLB3uiK0SubjRdy8akTP3,0.62,0.224,0.0,0.562,-7.704,127.996,236.293
53QF56cjZA9RTuuMZDrSA6,0.44399999999999995,0.694,0.0,0.142,-10.058,136.703,240.166
7cRTzS9N5Mn25ZZkzmp6Uy,0.629,0.0349,0.0,0.926,-8.807,76.55,172.813
13HVjjWUZFaWilh2QUJKsP,0.4285,0.818,1.65e-05,0.246,-10.396,147.464,260.533
6u13tCUeMafkT0KFsmvodB,0.497,0.717,0.0,0.46,-5.353,97.09,142.227
2jZgzSxNSg1hTCq0ewWHGJ,0.749,0.0212,0.0,0.901,-5.0,145.017,187.253
2Bs4jQEGMycglOfWPBqrVG,0.652,0.00433,0.0,0.545,-5.948,77.217,228.133
4bnjq8zqtCnxTGxll5ezOO,0.662,0.0673,3.39e-05,0.649,-6.578,90.003,159.293
38YgZVHPWOWsKrsCXz6JyP,0.6475,0.241,0.0,0.617,-5.699,92.018,215.173
248hvFUDLVSnjCCX0DRsRn,0.5285,0.822,4.72e-06,0.58,-8.175,79.884,189.0
4p0mcDUnm4Zfk644WNJqSp,0.4605,0.849,0.0,0.525,-14.082,170.019,133.235
58AwxWLaRHn2lTqqH9dLkU,0.5555,0.0128,0.0,0.0654,-5.677,82.915,232.707
2xfdvnGUikUfZZipwVw8nO,0.7125,0.0902,0.0,0.942,-6.439,163.213,227.04
3EPGJcUgFvMaYVj6tRJt0s,0.499,0.293,2.51e-06,0.643,-8.895,104.96,244.773
1yjY7rpaAQvKwpdUliHx0d,0.7625,0.0098,0.0,0.765,-3.763,136.01,216.013
2qESkHBZ2VThboOnosYFBk,0.7969999999999999,0.13,0.0,0.954,-6.741,133.053,147.68
0mvkwaZMP2gAy2ApQLtZRv,0.6635,0.0559,0.0,0.78,-3.979,143.837,199.267
3fcGGP62sllcNEhuFJVYeC,0.6325000000000001,0.0088,3.45e-06,0.723,-13.565,106.862,189.293
3CRDbSIZ4r5MsZ0YwxuEkn,0.6855,0.0462,2.29e-05,0.648,-5.677,169.977,202.333
57JVGBtBLCfHw2muk5416J,0.7305,0.112,0.329,0.756,-6.472,109.975,214.653
4yrloqLBKS7Pi3z7g2HDga,0.5725,0.322,0.0,0.579,-9.058,130.056,178.147
0q4xWbV08szzUpGPhVsrcD,0.6675,0.0597,0.0,0.324,-4.973,159.651,204.48
54HWkXBa3O7jH4vletYhc6,0.6465000000000001,0.00135,3.96e-06,0.85,-4.536,177.031,196.907
3wY2UKSppGIMjJhcHmHFui,0.7525,0.0112,0.000312,0.963,-6.932,100.009,169.773
7A2eDNBgJrEVE87C8pOMqN,0.4875,0.348,0.0,0.273,-5.97,143.86,290.907
48dM8okz7kWQoOssEILBfV,0.5775,0.595,0.0,0.232,-6.891,134.08,214.573
3NisXVV6O727QM1GZaAAen,0.5685,0.308,2.8e-06,0.349,-5.225,131.828,250.0
6kopVeL3LeqECoqKX1Wng2,0.8725,0.23,3.84e-05,0.775,-3.22,118.901,204.867
43IfkeLkx9vbmDgTz47pra,0.7885,0.00341,0.00561,0.501,-5.585,127.953,228.627
1f5Wc3iwmdsFM7YqIhoysW,0.494,0.128,5.1e-06,0.21,-5.204,152.213,259.72
5Anh8jULgeUgciLHCR25Mk,0.416,0.715,0.0001,0.142,-10.617,122.711,243.213
5RgzfIJ4t4g5VEQwm3JlSq,0.7569999999999999,0.00192,0.00206,0.856,-4.315,120.741,275.053
29AqPjeqZcXpGvdxLchZoP,0.645,0.457,9.04e-05,0.824,-8.106,114.382,210.453
487KLCKteHJzeoGdbBrgkq,0.714,0.131,1.4e-05,0.962,-7.868,116.107,161.6
0qNrKrghOyGtoXzjGBc14a,0.7065,0.0485,1.11e-05,0.965,-9.635,113.964,175.373
4Z0ZWdhqh1RWeIKLl7zC6J,0.558,0.0703,0.0,0.605,-11.574,84.331,255.68
5LYMs4ZrB5chAdu2FusRf7,0.519,0.0445,0.00208,0.581,-9.013,128.252,183.093
5Fwif6oyL2EjXAFTGL909U,0.6034999999999999,0.606,0.0,0.901,-8.434,91.664,119.267
6epWdqeuFtTyqTcFRfzgd1,0.448,0.0765,1.49e-06,0.367,-10.972,171.067,327.4
1Hwc7XRjwV7R16tstlhMFA,0.622,0.375,0.000167,0.379,-2.331,81.956,221.373
1ejWEqkSnax2Q94i2sH0o8,0.6335,0.0787,0.00241,0.702,-6.065,98.38,225.893
4CoGNqLap7UGU5Q3VdKug0,0.7095,0.549,0.0,0.926,-6.86,118.394,156.173
3496rr5XSGD6n1Z1OKXovb,0.661,0.159,0.000262,0.741,-4.686,124.218,165.744
1qzP3ZoKPDWxmtbQK1dl8a,0.363,0.879,0.00367,0.392,-12.822,92.815,228.4
5RoIXwyTCdyUjpMMkk4uPd,0.6759999999999999,0.0701,0.171,0.34,-6.812,129.139,230.8
69RH84na5iUNwrwxpgjC5j,0.528,0.791,1.42e-05,0.847,-10.867,134.934,153.333
6NcHJ23mLQKnVxQcOmT7JW,0.7065,0.0108,0.0702,0.934,-4.547,110.832,243.333
2eR8zZshkzj6e4L6aghGGr,0.6755,0.0111,0.00231,0.502,-8.604,97.975,268.507
7D1IsbzY4yRKv4l9ppCQ4t,0.5135000000000001,0.368,0.0102,0.311,-10.55,104.005,219.733
5IUEVNo3WOrhYqW2ldpT7p,0.4275,0.725,0.000551,0.251,-10.047,83.842,276.627
5lP09RQOqygykABHA4f4RL,0.587,0.35,6.21e-05,0.339,-6.119,157.558,380.56
2kwWhZAO4Yc7GHRBlxHwed,0.5925,0.319,1.81e-05,0.52,-6.448,78.067,324.387
1m9saE7zpF33TxI19j57UN,0.709,0.277,5.57e-06,0.636,-6.28,111.353,329.68
15t8oEqZExdyesPVVKcxTd,0.608,0.313,0.00258,0.634,-7.228,107.068,242.76
7yDmjiDuIlGTaWgmvSK9FJ,0.8095,0.0683,0.0465,0.926,-6.686,98.796,252.253
2QlPByrmEO9XciNBXCrawR,0.702,0.07,0.0403,0.954,-13.352,117.254,320.733
7CeFfltoIpKKWyEro2gaRe,0.6815,0.108,0.168,0.571,-5.425,147.327,177.16
2dV6oLMaJjV15KCVzcWLbF,0.595,0.0189,0.0,0.878,-13.399,98.114,172.973
1bp2IO61zbQrbWNmKKxg3f,0.522,0.365,5.3e-06,0.796,-9.616,83.293,264.504
3e0FzZjTXOUtiJGSClOBrI,0.6575,0.61,0.0194,0.642,-12.769,100.08,282.693
2dDfcyjZQLZBY0Fzk2wYjX,0.614,0.191,0.0,0.934,-12.176,121.336,187.16
2BstRQGodshjGpeDGQiNgo,0.6095,0.218,3.07e-05,0.963,-10.254,124.574,356.733
1I7zHEdDx8Ny5RxzYPqsU2,0.6405000000000001,0.133,0.0,0.766,-9.81,135.437,277.267
1DFdbWXLe4D2MHvBfIPQKQ,0.555,0.552,0.000132,0.635,-14.041,116.124,272.133
4mFIxFJg3Di1OIyVs7mcYh,0.7155,0.0106,0.0191,0.941,-8.81,116.454,233.093
74iQ3gahRTOGc19bYadBE3,0.8045,0.296,0.00047,0.897,-12.683,105.822,291.32
1MQWtVcs0PKsY4PA6ZvLiy,0.616,0.0168,0.00057,0.772,-11.112,128.059,179.427
2qt8jR309s3wJsUmUlRhE6,0.502,0.319,1.98e-05,0.23,-12.543,95.153,244.507
6FRtjadDsEhZIQIlh1loEM,0.6719999999999999,0.0205,7.25e-06,0.325,-7.369,104.101,341.067
0rl84FuazRHYmK72krdmA1,0.448,0.722,0.0,0.251,-10.535,76.002,244.667
4E6cwWJWZw2zWf7VFbH7wf,0.6845,0.0208,0.0,0.573,-3.142,123.055,258.827
3VA8T3rNy5V24AXxNK5u9E,0.7190000000000001,0.461,0.0,0.81,-4.172,119.003,207.493
5zAagqWhlO0yzzMxIrJXIR,0.6165,0.163,0.0,0.921,-8.034,160.988,164.187
2SazNfHnX2f6cYn28Qy9Vu,0.639,0.563,3.57e-06,0.674,-9.972,114.676,210.133
08JKuFJCHJVw1SgHHjwsS9,0.7775,0.0208,0.000103,0.981,-11.586,129.771,234.867
6bePbQJkwe3MFJF2rpNNMl,0.694,0.00257,2.27e-05,0.934,-9.851,146.005,193.467
5WwqdeavrQrbeAMDxGawse,0.44399999999999995,0.155,1.82e-05,0.19,-11.017,156.344,294.773
4rcHWl68ai6KvpXlc8vbnE,0.514,0.0519,0.0,0.41,-5.963,174.732,200.293
3CeYdUfGPCjKMDYyI1PpCh,0.6265000000000001,0.00316,0.000202,0.513,-3.265,123.229,255.373
2aibwv5hGXSgw7Yru8IYTO,0.6635,0.116,1.75e-05,0.599,-3.674,104.655,334.667
1U1GtaJeYwGsPgqV9Me5bb,0.4125,0.149,0.000107,0.577,-13.807,170.134,306.2
37f4ITSlgPX81ad2EvmVQr,0.639,0.0549,0.0,0.33,-4.987,175.924,204.013
3mAlVFFUrIBZcHSRXY0ik6,0.7215,0.376,0.000183,0.902,-5.704,97.936,183.113
6aXaGoRorNUgn9r9cnkFLG,0.567,0.473,4.65e-05,0.28,-4.429,133.791,238.84
4q3G4EHtbDH8In7A5u1xhx,0.6835,0.0397,1.37e-06,0.66,-8.91,133.977,191.507
5tv6pipw0mWSKoLKXqi8bU,0.6485000000000001,0.0452,0.000975,0.527,-9.386,140.319,241.6
6kEjqr7fQ51qjKDSErV4sq,0.6615,0.123,0.0697,0.397,-10.028,81.933,260.933
0wF2zKJmgzjPTfircPJ2jg,0.637,0.527,0.00364,0.716,-9.814,117.389,254.333
7K2RjFc7dXLHrIBWMcYXFp,0.621,0.00055,0.00157,0.733,-7.527,74.98,290.813
4SgDsjoxQwe8xDGhbyzbCK,0.764,0.0257,0.00595,0.921,-9.265,129.103,302.733
6C2v1wGseKguLvZ7Fsmgtq,0.627,0.731,0.00196,0.481,-10.5,101.959,322.467
4iJbPiaAz4BUDMlWzosfWJ,0.527,0.101,0.0016,0.519,-10.365,172.084,273.933
2qWF8dCJgjJY6jS8ypHXEo,0.7595000000000001,0.0355,0.0,0.807,-7.236,97.539,172.373
247PtUni9B4UI4da7JH2Uu,0.475,0.765,5.87e-05,0.323,-10.782,136.265,286.36
42OPXVKvPkaosHuAycPywN,0.7535000000000001,0.00834,0.216,0.796,-9.005,121.246,261.933
5huh0htdiJDatAtbHLtpfz,0.321,0.283,2.57e-05,0.188,-14.711,144.066,209.333
5aLfS6WZvUQzHJO2wYcFQX,0.3325,0.536,2.87e-06,0.272,-14.177,189.859,330.333
5DYQPfFIqAQzUk1Wfde8SJ,0.6559999999999999,0.363,0.0754,0.561,-11.444,118.772,352.573
0uaNeGnMc0PxTEknE5ftZr,0.6015,0.0143,8.53e-06,0.449,-5.595,200.207,258.08
0fbOMLSpsvXvBkJBircrcz,0.6505,0.14,6.05e-05,0.947,-7.689,161.298,287.067
5b88tNINg4Q4nrRbrCXUmg,0.7344999999999999,0.219,0.0,0.962,-4.662,160.019,232.72
2LMX0orTToTGD8XrsPGGmR,0.8025,0.219,5.1e-05,0.889,-3.789,120.092,254.227
6mI8mJmulEeK0H7voGSD6c,0.8195,0.175,0.000652,0.784,-4.095,122.44,216.293
41DB7gQ5IraC9I2ICfSLf2,0.8340000000000001,0.0693,0.000293,0.833,-5.074,119.982,241.107
6vxHp3CDNo0afgKGp2yi1E,0.721,0.237,1.8e-06,0.798,-10.593,105.33,164.813
665Jxlgi1HamPKbW1vwzx4,0.514,0.528,2.37e-06,0.305,-14.108,135.154,221.133
4cBjhKOEXr66AlBtyyPrPe,0.777,0.0408,0.000189,0.863,-4.25,90.71,249.533
6sy3LkhNFjJWlaeSMNwQ62,0.6845,0.0654,0.0,0.477,-4.972,122.017,257.84
5zHQQRFcanQoXqfeEKunCm,0.6005,0.0946,0.0,0.295,-6.044,140.094,241.613
1fBl642IhJOE5U319Gy2Go,0.6575,0.000346,0.0,0.74,-5.611,148.039,212.293
6QLU1GKy2Zh2mOh2uoJ0TV,0.6845,0.0322,0.0,0.931,-7.03,96.99,216.36
3fg6EjkWN14h2mjAsbPO4s,0.752,0.15,0.0,0.923,-5.373,77.002,223.667
6NSJOIyKYcRZh28Kf0URTw,0.53,0.288,0.000246,0.276,-6.19,81.008,251.2
5pWALA10acAmX8LoNrvLum,0.6935,0.168,1.29e-06,0.758,-10.212,129.271,151.533
372DoIvbOKk6qjFwg6PhTd,0.358,0.289,0.0,0.585,-13.586,203.069,187.267
3OF7aAqF2VUPPsVts16AxY,0.5840000000000001,0.0314,0.00119,0.829,-11.241,93.431,138.533
2OKqniV5hY3UE6lXe5d8bw,0.5585,0.179,0.0,0.7,-9.57,117.231,193.48
087pGO6y0n4g7yqO91amPv,0.4975,0.374,1.14e-06,0.769,-9.532,202.836,232.76
4fUU9WKxEgJXyrZJsUA2iP,0.5595,0.276,0.00354,0.577,-5.49,164.444,365.093
014Y7CPce02N9bir2M1ePw,0.7275,0.334,9.34e-05,0.731,-6.659,110.173,221.093
5ZRKAeZJsZFsrDT7SwJfL4,0.6995,0.354,0.0,0.487,-4.53,88.018,217.873
7L605WhF5EGf34ggj87yK6,0.4535,0.1,0.0,0.375,-7.703,139.868,195.493
6Oym6t2GFmguqYfCJjQl96,0.6595,0.0564,0.0,0.625,-6.146,144.898,265.4
2jdMGHd4Rg7UKCQ5eYKSPM,0.71,0.655,0.000114,0.386,-3.413,81.956,232.053
3SvipHGXjchT1ioKt7LwTr,0.492,0.469,0.0,0.234,-4.921,151.765,241.827
5EA06TsQmqmQXZiEhr1AaM,0.446,0.461,5.52e-05,0.458,-6.595,112.137,206.387
16gvJsVyauI16RqmOrwJJk,0.687,0.0186,4.91e-05,0.752,-5.035,79.147,228.933
0mLAgHQP1BOkoHhDu622BQ,0.7675000000000001,0.195,3.19e-05,0.966,-6.366,110.842,213.427
5ooXVyB1FAmkr0DM6h5HWC,0.714,0.221,2.51e-05,0.898,-7.564,111.79,207.533
2RUhtNBh43RtSg0WBPPq3m,0.6815,0.0688,0.0,0.722,-6.165,102.765,203.507
5EGLIjC0H4iy9emRN4M9W6,0.782,0.139,8.87e-05,0.598,-5.911,121.84,255.373
4WrwO9Un3ji5wnNySDGHwQ,0.615,0.427,0.0,0.795,-5.533,204.003,249.88
3dAT844Wj5KuuIHFMI9eOw,0.5585,0.093,0.000304,0.522,-7.2,145.954,381.36
0lZxd99ZIjA0zUdQAY3FXr,0.5465,0.379,0.0,0.562,-8.395,82.761,231.293
6MMAUZfcDKtjbljNowTCuf,0.741,0.0594,0.0,0.73,-3.166,131.962,229.533
59WVntWmghQXfST8TZRUW9,0.617,0.00167,0.0,0.309,-4.459,147.048,246.41
55qBw1900pZKfXJ6Q9A2Lc,0.7615000000000001,0.0132,3.02e-06,0.605,-4.581,119.999,227.76
1nZzRJbFvCEct3uzu04ZoL,0.798,0.000417,0.0,0.769,-4.63,130.028,216.16
5JLv62qFIS1DR3zGEcApRt,0.5985,0.0749,2.64e-06,0.575,-5.099,159.814,220.947
6F5c58TMEs1byxUstkzVeM,0.663,0.00487,6.6e-06,0.455,-4.821,179.984,223.546
4ECNtOnqzxutZkXP4TE3n3,0.7065,0.0188,3.17e-06,0.377,-3.947,131.435,323.707
57ebBLITHpRgRKGrlbxMZS,0.42300000000000004,0.0979,0.0,0.252,-5.212,85.04,267.08
7EHmKkyAr6MZv5Y2FdZbXw,0.34650000000000003,0.108,0.0067,0.354,-9.903,207.639,190.333
32GrMcghc8DLhpHJST2CWJ,0.5305,0.0689,0.000246,0.704,-7.949,212.645,234.333
30yn7KuCLbXGCXxjsB0C8K,0.7284999999999999,0.0207,0.0,0.668,-3.411,187.993,260.013
2qdJxaDRDokqRsiycw7G44,0.883,0.00372,8.11e-05,0.715,-5.192,109.301,171.16
519tXYJVcrpEMqV2BMbh6E,0.6125,0.0521,0.0,0.328,-4.978,160.033,264.373
4hbRj5tucVkLUVoAdJUyRi,0.729,0.0825,0.0,0.691,-4.672,102.028,205.16
1Nme6K1PYAh7p7uygyuRdf,0.6234999999999999,0.0178,0.0,0.37,-3.472,144.953,241.348
5nBiM1Hjby8YnuLE59UBT0,0.649,0.117,2.52e-06,0.821,-7.908,103.254,210.453
3zb0UoFpahpiuXkHruC8Vp,0.8505,0.0499,0.0,0.962,-3.284,113.843,287.133
5FDh0G5oQ2UD9JxWiDCT1x,0.5665,0.521,0.0067,0.685,-11.703,153.851,257.387
5WcLXGuQQUKKI9npph9W8L,0.5225,0.813,0.00165,0.691,-10.92,145.907,249.933
3RgR3cFZ6xh7MlB9DURK6e,0.5395000000000001,0.0736,0.349,0.254,-9.615,146.944,228.173
7hR5toSPEgwFZ78jfHdANM,0.637,0.435,0.000117,0.731,-9.327,115.058,250.373
0HLWvLKQWpFdPhgk6ym58n,0.5465,0.267,0.00252,0.367,-13.109,90.457,175.48
42dbDZX9bsEGqMZWYmnR7J,0.6040000000000001,0.00987,0.000274,0.678,-8.515,91.779,268.093
3da5WJxxgsJfLZIcn4MXWJ,0.6665,0.159,0.000232,0.663,-5.82,176.75,201.173
5PlexaN8mrs7TqbBlrQyI8,0.4795,0.557,0.00892,0.157,-9.316,135.976,245.747
6EHdXo1TT6EKKtD59QXSoe,0.5945,0.554,1.81e-06,0.536,-6.537,167.835,230.227
5Zz42o0LEuCk8FNJCyEu1L,0.7715000000000001,0.0121,0.0418,0.517,-3.071,117.303,265.96
294DpgHLbYJBL8jFUUBvWZ,0.5435,0.837,1.91e-05,0.503,-7.816,124.895,237.907
2SFnEPu8UwVXLdTRKZrHcc,0.7035,0.0383,0.0,0.571,-4.919,131.918,231.467
5v2kpxJJPVsxfY95tdq5rI,0.6234999999999999,0.0208,5.94e-05,0.369,-7.205,96.915,268.973
3nbdmIgK1bPyiD0JobL3Kw,0.6054999999999999,0.0143,1.22e-05,0.49,-6.792,88.824,223.96
0YFgBDWjCK50VBt4qYezbj,0.39,0.891,0.147,0.164,-13.647,75.789,183.88
0Fy6qSQSaeWqMT41eSo9bE,0.7055,0.039,6.8e-06,0.701,-6.437,87.879,210.093
5MSfQTVsUhr0o70vAyFoGL,0.5645,0.000393,0.00637,0.513,-6.44,88.026,186.053
1Nchgvmv9DUrB8X1n442EH,0.6025,0.501,0.00107,0.262,-7.757,127.222,236.587
1EzrEOXmMH3G43AXT1y7pA,0.5715,0.595,0.0,0.718,-8.322,150.953,242.187
0IktbUcnAGrvD03AWnz3Q8,0.52,0.296,0.0,0.721,-8.699,130.032,191.36
2mKjs6s0Z1imKKb6gOk628,0.6970000000000001,0.177,0.0,0.698,-7.469,98.97,220.173
4tK4ARuilOrBzwVQK73E0Y,0.728,0.04,0.0,0.795,-4.523,94.519,256.441
7oGZAicScQt96OAW4AruYy,0.7275,0.00906,0.0,0.656,-5.508,114.025,207.719
5KONnBIQ9LqCxyeSPin26k,0.663,0.555,0.0,0.638,-4.862,82.142,217.419
0TyOpxlWwDx98bjkIVHUgY,0.7505,0.0269,0.0,0.852,-4.178,110.002,198.96
1r3myKmjWoOqRip99CmSj1,0.7395,0.02,0.0,0.637,-4.861,121.956,206.08
2oeha2Y6cQIw1LyhUWSjjq,0.782,0.0286,0.0215,0.624,-6.039,116.163,235.453
2KRHmLuuMAaM1T18A9VmjF,0.9059999999999999,0.155,0.00925,0.738,-3.323,103.722,244.16
4txi7ysxOA46aKO3L6MpxA,0.8260000000000001,0.00695,0.000242,0.733,-5.321,115.18,252.507
6W1fnMrZMM8wTMH5sIUBBP,0.8474999999999999,0.0684,0.00291,0.558,-7.137,103.181,274.8
5oeT9WBOEIgnnggVerhdCb,0.65,0.032,0.00304,0.654,-10.702,167.934,264.656
28euH5Ny1JXxZAt2KjWp62,0.615,0.21,0.0,0.577,-7.109,79.493,212.933
4Xvcx48q8khat7M1YUYaYW,0.49650000000000005,0.209,0.0,0.326,-5.295,84.104,211.4
7EfHlhxyYJ5pfh0H34j7oe,0.5795,0.0571,0.0,0.609,-5.207,79.036,209.787
3QcuZo6WLcFkqqLmDs0d95,0.5529999999999999,0.266,5.7e-05,0.542,-8.406,75.63,199.907
5RdhBLmB4DyFHLglRrfx63,0.5125,0.593,1.24e-06,0.331,-7.247,93.212,237.76
0lMhrJ8RTgsnevN9UHXRhb,0.6930000000000001,0.384,0.0,0.821,-4.245,166.135,179.267
3Uvx1TO0Kg5HgGPk58lHXv,0.5775,0.00327,0.00139,0.574,-9.362,80.289,253.413
5vYhr2kgOonJtWeJq5qZzU,0.7015,0.0139,0.000253,0.607,-7.901,126.341,294.587
2iXdwVdzA0KrI2Q0iZNJbX,0.6085,0.298,9.24e-06,0.659,-9.481,110.054,207.68
1P4iYXfjLMlOOXDXi9NPMr,0.764,0.466,0.0108,0.843,-4.703,109.666,288.733
35RUp1t6MVhcG8cOK5BH6x,0.48850000000000005,0.7,7.5e-05,0.383,-6.017,138.619,271.973
54sBUAu3Ptr4x7J5HfSZGi,0.47450000000000003,0.217,1.01e-05,0.492,-10.6,197.798,180.147
7xfQK99r2yHvI3b1sBtPMF,0.476,0.639,3.38e-05,0.494,-9.615,84.799,449.0
7s2WCWy1977v4G6E59Veaq,0.36450000000000005,0.733,0.000228,0.597,-11.535,163.323,146.747
3z8tNZw9MSD9zdE1mzEBn6,0.3155,0.669,1.06e-05,0.599,-14.934,182.973,195.333
4RYt9lHvpaQ7oLgpe1i9CE,0.346,0.817,0.0,0.711,-12.595,177.304,154.293
5buek81FyGWhAzkhZ67y9y,0.44699999999999995,0.757,0.0,0.682,-10.234,161.584,144.373
3ZYcjWZKKQj5ftIXmIWuOj,0.372,0.727,0.000374,0.152,-13.41,151.255,176.88
3gkt0ysdbNVMAf8s5KDMHm,0.36,0.186,2.26e-05,0.068,-15.151,102.938,201.733
1V656O6Tz4xsgh1N8f6YIu,0.6475,0.0544,2.88e-05,0.899,-12.898,123.754,162.16
5O2P9iiztwhomNh8xkR9lJ,0.5960000000000001,0.859,0.0,0.37,-7.747,120.001,226.6
0JCAezTC5IlK1a9o0YBEsD,0.5429999999999999,0.00864,5.14e-05,0.529,-12.741,175.72,258.467
1AM1o0mKbgAK5oMpY8B3Z7,0.577,0.00373,3.23e-05,0.208,-6.869,90.16,250.173
2vwlzO0Qp8kfEtzTsCXfyE,0.476,0.407,0.0,0.349,-6.262,119.964,221.36
5Q0Nhxo0l2bP3pNjpGJwV1,0.675,0.00112,0.000115,0.47,-4.667,96.021,202.067
0bqKbPW5sbjsLvQRYsoraB,0.5975,0.288,0.0,0.807,-9.121,133.952,218.613
3xflGlOp6yfGPYC8rmybCi,0.587,0.59,0.000374,0.319,-7.063,81.38,279.467
7kgPYyhWw24xXzOR7Q67gH,0.71,0.0979,7.07e-05,0.669,-6.681,102.126,225.4
14sAMwqbuFDSlLKmVBD9MI,0.6465,0.031,1.55e-05,0.678,-5.702,84.893,221.413
4oeRfmp9XpKWym6YD1WvBP,0.49749999999999994,0.92,0.0,0.509,-7.635,134.216,148.707
2cFl7utlqyZjCXN1G5nRvA,0.624,0.0873,1.66e-05,0.628,-11.402,120.717,269.573
1A8OrMrc15qpXp5MuOfvG2,0.696,0.127,0.0,0.821,-6.458,83.346,214.307
7JmsQwxDlC89imxewJcnHO,0.40249999999999997,0.257,3.29e-06,0.293,-10.77,160.551,221.107
4KfSdst7rW39C0sfhArdrz,0.619,0.015,0.105,0.667,-13.553,137.148,261.933
66ZcOcouenzZEnzTJvoFmH,0.763,0.191,0.0,0.73,-3.502,119.961,246.467
2nq4zHzbdMgtlOkejrVsiS,0.8015,0.0648,0.00136,0.895,-5.99,123.92,218.787
1pZWORSXTFlZnrfxChRBaz,0.8055,0.102,2.48e-05,0.699,-6.7,126.423,215.88
0KxTWgl64TNOQXiGFJYc6t,0.8275,0.141,0.0571,0.858,-7.157,123.181,252.933
57uX2vR9j9DNiANDYfXw1i,0.361,0.568,8.18e-06,0.262,-5.767,160.139,256.613
6vgN6KGstss0GnBbKlMNK9,0.6715,0.127,0.0,0.734,-7.175,101.99,186.067
4lJ6YVXQ0jUk5ILu0PSrA4,0.5874999999999999,0.579,1.14e-05,0.8,-8.166,147.964,214.08
6shRGWCtBUOPFLFTTqXZIC,0.7210000000000001,0.238,0.000171,0.65,-8.339,102.485,208.653
2vyWFovtrd43gdcirx4anV,0.56,0.67,0.03,0.689,-11.353,94.123,239.413
0eG5CqXwJpa5MBjYyg1lRm,0.608,0.00753,0.0,0.471,-4.199,112.198,213.2
5wZ7v858f3VrSp5MfuxDeM,0.7185,0.0148,0.00523,0.148,-3.227,118.94,300.427
7p1PhtGLjq0ISncRXBHqXY,0.5455,0.000502,0.00144,0.218,-3.432,102.124,238.333
5TwHsJUggwl7XFDv23ihSq,0.6505,0.00127,2.87e-06,0.41,-3.03,139.896,236.267
2CWYATyxjd8tOsXdyuRWUv,0.5389999999999999,0.00174,0.00114,0.329,-5.176,113.228,213.267
3kI8fSpOQmL5ax63lBOuH3,0.5095,0.0674,3.36e-05,0.298,-6.154,104.242,250.067
6vrUTGn5p8IrfTZ0J6sIVM,0.5405,0.00133,5.61e-06,0.513,-5.683,155.667,289.907
21en3K7PgSM8lfKKgZOiyJ,0.6025,0.0521,0.00485,0.409,-6.623,74.191,269.947
5qFPs70nZD1fQZOi7u7cIZ,0.7010000000000001,0.0986,0.0,0.815,-5.137,81.298,232.28
1x1EpeiOgliXheTFo2apzy,0.708,0.00551,5.39e-05,0.521,-9.668,95.848,195.827
0GdRY6jy10daXuCrwla6lJ,0.7745,0.0964,1.12e-05,0.834,-7.679,91.758,388.853
5Zz0joGp951TOaD78qtXTi,0.5549999999999999,0.251,2.07e-05,0.249,-9.625,102.033,340.52
02kqNEFXbcFg22pyvUyjmI,0.6185,0.138,0.0,0.792,-8.88,76.59,303.427
1Gg5sm1IeeKK6GeV8WXbQl,0.7785,0.269,0.0,0.694,-5.497,107.979,238.0
2zuWlZsY3Pjfeqyzio3bfb,0.769,0.499,2.21e-05,0.877,-6.343,107.56,240.653
57DxudtiNduPPh0uFRdMd5,0.8055000000000001,0.283,0.000739,0.831,-2.768,131.054,208.213
7mXlMsO2TqjbbiBnfFh0Im,0.794,0.0229,0.000232,0.814,-4.387,115.184,286.227
0TF00cqSnPyf1t7W2IeWfF,0.6005,0.454,5.2e-06,0.259,-6.582,103.543,296.92
3DDNT4gjsx3RF7jsEf03FH,0.706,0.233,0.01,0.789,-5.251,87.701,265.147
0xUSe3hR7SRGg0sn9IpTuX,0.746,0.0162,0.0,0.571,-6.587,121.16,193.467
6cS4ukNuDV00C5UhtTJUpn,0.41700000000000004,0.0848,0.000127,0.111,-6.815,121.93,214.667
39GQI777IY2AxHtx36x7qS,0.5495,0.514,0.0148,0.291,-8.273,76.977,230.16
2AtE18nG6GqezjXcTd6TsI,0.7545,0.216,0.0,0.377,-5.741,142.168,218.44
08kTO4EW0jb07zNsCNM83w,0.53,0.0437,0.0,0.344,-5.104,167.172,239.173
3zcmWxxUA7Em7X3IBqZGUo,0.6725,0.0193,0.0,0.687,-4.8,161.905,206.0
6CWKr7YOv8OLO3b5wB00fZ,0.5960000000000001,0.00264,0.0,0.305,-5.857,80.083,328.48
6l6vgKIgXLnqgSMqf4nGNc,0.7264999999999999,0.0615,1.29e-06,0.87,-6.613,119.057,190.773
15rjQH7nTcTomKwfVMd4xl,0.7045,0.0219,0.00106,0.823,-12.062,135.68,218.4
1prZ0pr6XoRCxcrC3MCL0M,0.615,0.218,0.00657,0.764,-10.516,114.846,222.733
24HTwhBEeeohReRYPyjaDG,0.5635,0.00957,0.279,0.863,-12.208,126.505,211.8
2kOOxUIHZvz4TsYE6kHYjb,0.6595,0.0187,0.00513,0.962,-13.436,128.068,249.947
08o75xMKmGrKny6GsXrNJW,0.659,0.124,4.78e-05,0.893,-9.816,124.825,218.04
7pC0d67sbpNBAJDzegFfVK,0.7204999999999999,0.00337,4.78e-05,0.877,-7.388,106.889,165.16
5BsAO75PQs6G5jX2Amj38q,0.4665,0.858,0.232,0.959,-14.623,176.359,134.867
73MF3HwpA14jetxegwQMxK,0.364,0.836,0.000475,0.487,-15.398,160.277,197.907
2NkAoxQOr6MGdMB5JDTU81,0.4925,0.849,2.69e-05,0.83,-8.175,136.662,143.44
0TxXEbxn52XsuAhxb6VFZw,0.6559999999999999,0.137,0.0,0.648,-5.663,186.875,194.907
6zC0mpGYwbNTpk9SKwh08f,0.39299999999999996,0.649,0.129,0.485,-15.625,95.542,225.027
6io0LJIP9ntX35hTfaxwQG,0.595,0.598,0.0288,0.586,-16.145,191.539,236.093
0nanY39iG4nhbsqcoX1kgT,0.621,0.196,0.0,0.946,-13.207,126.878,170.8
3PbJjso7KugjaEA8nkUPfk,0.621,0.0934,0.00412,0.668,-15.483,94.465,263.573
3BEZCNZSmVv30vsMNSOCri,0.541,0.321,0.000952,0.636,-11.626,93.654,289.027
7zXqmgoZNRHNFgFAOoxhx6,0.679,0.00886,0.000205,0.78,-6.568,93.006,323.44
4yBhABx4b0S2CUs37e59hl,0.3945,0.84,0.498,0.286,-12.206,76.876,271.973
6s8FpQ7pk47Qy5z7dqx1Uq,0.5720000000000001,0.773,6.9e-06,0.736,-6.43,104.842,117.16
4zzXm1QJQXWLyUfFhWZBRg,0.6775,0.772,0.0,0.805,-7.998,84.967,122.867
0M3S5KQewKAaXZb19gGqnh,0.6665000000000001,0.837,0.0,0.938,-6.356,73.851,118.067
1XunTmhOcj3xwh4b8P3isX,0.567,0.642,0.00972,0.753,-9.312,126.399,194.6
6KDG8vvFerlCU63IXdw1zb,0.632,0.0516,1.18e-05,0.609,-5.065,115.21,272.36
7akmE0AToGj8eLidXVWoI6,0.8005,0.115,0.000164,0.97,-4.551,143.067,176.84
71LpFOfoO1MuDboANkOFX3,0.5740000000000001,0.23,5.12e-06,0.537,-8.439,124.003,229.4
7nCUy2nKoBQQDwT5f2GDQW,0.5760000000000001,0.453,4.32e-06,0.349,-9.315,136.625,282.013
6hFtEmLI2jtXd5jqd3wwJd,0.4375,0.321,6.81e-05,0.265,-9.508,145.315,375.72
7wnhQiRA98qZ47Cbp4osTX,0.363,0.807,1.09e-05,0.279,-10.863,128.067,241.56
7dwokc7VMOCFJDUohG8DlF,0.308,0.823,2.68e-06,0.138,-12.467,125.636,229.067
48Xklk8zy8ISDSmwcXd0sw,0.7935,0.177,4.37e-06,0.766,-8.031,131.495,273.627
5cmIWIBxZj9HpqrVtj4KWG,0.6990000000000001,0.0423,6.1e-06,0.968,-7.653,149.933,235.28
41UOwzwlfIMPf6t9w8gS0D,0.597,0.448,3.63e-05,0.872,-10.423,132.051,233.48
4sqycYI6eLqpXjQUgEZkJr,0.6935,0.265,6.23e-06,0.799,-7.046,132.114,322.36
00BjmmABUufQIiJEzGz2xv,0.46599999999999997,0.507,0.000515,0.395,-7.569,60.137,194.667
6nDFmnzQ0GLszYC8uosQNu,0.49750000000000005,0.148,2.69e-05,0.385,-8.314,144.278,324.507
4kwFh3RBxE5n9a6FwFw2tl,0.6745,0.363,0.000193,0.606,-7.005,120.552,284.2
3HZdDWGuObBA5V4LgGsewC,0.5645,0.0874,4.07e-05,0.49,-7.476,143.527,241.547
3ZCDG0nujwGfxrEmZlZoEt,0.736,0.0401,0.0,0.318,-6.156,109.023,227.423
2l8w0zZVn4AZNuzrht7MRT,0.5405,0.247,0.0,0.282,-6.646,94.994,252.534
0xMd5bcWTbyXS7wPrBtZA6,0.668,0.31,0.0,0.329,-5.031,87.016,231.212
7C7yqFTM0ncyJ04GIKrxdV,0.7415,0.433,0.0,0.382,-4.081,102.997,286.322
5ykI0ShvlswqXCME1h0e69,0.724,0.193,0.0,0.448,-4.667,128.029,227.267
14J3PO0VnhtcRa31r7Aj1L,0.6085,0.0975,1.08e-05,0.45,-5.02,134.647,273.573
6u0oHknFYrnUd42A6rvFly,0.744,0.304,1.22e-06,0.939,-4.451,119.988,235.382
6F25tznBMyPJpXx7Gj1ch0,0.4655,0.669,0.0,0.407,-9.918,84.996,258.373
3FlOciKDqFlTMPeC7t92Qy,0.698,0.00486,0.0141,0.984,-13.01,136.502,320.84
4gvea7UlDkAvsJBPZAd4oB,0.5325,0.501,0.00572,0.907,-13.741,176.941,288.733
7jZ4UZAmg006Qx3rVuF7JI,0.554,0.201,0.0,0.38,-11.548,88.156,322.6
4w3tQBXhn5345eUXDGBWZG,0.6685000000000001,0.416,1.54e-06,0.813,-5.852,105.39,162.467
4DaPWHZchEJuGKNkvM4wLC,0.5569999999999999,0.555,0.00082,0.654,-9.097,104.923,173.4
269tQZZrPkJrWTpgK915BW,0.296,0.947,0.000202,0.18,-12.319,135.256,173.96
3SnGymj6ijE2iuUfWxLo1q,0.774,0.185,0.429,0.768,-9.211,110.071,323.347
3gbnQ7TJEx1EI9chRZXVXl,0.6305000000000001,0.306,0.00593,0.864,-9.5,111.539,229.373
65R45MnObidxcXL6q3fHZW,0.614,0.213,1.27e-06,0.34,-5.889,95.1,269.8
4atx8Tul9EtJ9LWb98Dgwm,0.6545,0.0555,0.0,0.344,-6.816,100.673,262.787
4cHr1F9NSwimgZIq2P9UVR,0.6910000000000001,0.22,0.0,0.908,-7.439,92.056,252.253
1TuC2upbvZ6Ae0VE4kj8dT,0.585,0.534,0.00105,0.384,-9.63,94.699,343.893
1VKXBgsRK7lWDSVbfANlf3,0.688,0.0312,5.68e-05,0.971,-13.083,135.125,252.427
1yg7fwwYmx9DQ2TdXUmfpJ,0.6105,0.58,0.000159,0.524,-8.885,86.035,269.84
2tH28YyKYOldxhuBHoI79M,0.5895,0.597,0.314,0.583,-13.413,95.819,237.373
27cXevtj5VflsCUAZwr9eI,0.7949999999999999,0.00153,0.0895,0.834,-6.13,119.735,225.813
0yv6BYFfviMImtUPwzEXQp,0.736,0.0581,2.23e-06,0.453,-5.705,100.094,268.413
7nRwpTzjrFFNFpdHT76NOz,0.819,0.117,0.000545,0.919,-4.096,118.465,218.96
6AEaiHXFPOncWxkoKmb5dB,0.655,0.0838,0.0,0.843,-5.8,134.208,172.627
2v2ihPH2ln0eEAafa3YRm7,0.6065,0.112,0.0,0.957,-7.568,106.582,233.267
583YTL8Fl6pCWtZAi2GvVZ,0.6499999999999999,0.0695,0.0,0.569,-7.822,98.485,221.467
14Tf6jvXvJQyYMxBKNKfeR,0.789,0.129,0.000668,0.558,-9.729,126.049,225.867
1v9Hia5nGiKtkSTDE66WSv,0.7775,0.12,0.000133,0.915,-9.227,105.787,271.64
6xUIYXggvw3nwo6MWYZk67,0.7695000000000001,0.0326,0.0119,0.968,-7.085,114.914,234.973
1lkfcyCLP0KPykSLIgh1VT,0.784,0.0153,0.0717,0.932,-6.241,127.053,271.44
423vTY7S5jPQSgm08QTzta,0.8,0.0067,0.0,0.815,-6.305,120.077,243.6
6FE2iI43OZnszFLuLtvvmg,0.7555000000000001,0.0384,0.0,0.756,-4.689,102.071,175.427
3DmW6y7wTEYHJZlLo1r6XJ,0.614,0.0317,3.59e-05,0.121,-7.548,119.987,206.167
3XVBdLihbNbxUwZosxcGuJ,0.527,0.603,6.77e-06,0.166,-9.129,118.393,228.707
70eDxAyAraNTiD6lx2ZEnH,0.7665,0.0183,0.0,0.453,-2.879,139.986,202.173
70wYA8oYHoMzhRRkARoMhU,0.7275,0.000152,0.0484,0.321,-3.313,130.433,220.427
7oK9VyNzrYvRFo7nQEYkWN,0.64,0.00101,0.0,0.232,-3.74,148.017,222.587
6BtmXhTJMM9sBTHeYYASGz,0.77,0.0162,0.0,0.86,-4.748,105.009,237.987
4G8gkOterJn0Ywt6uhqbhp,0.616,0.106,0.000108,0.236,-3.686,136.245,186.813
6Qj1WXW41Mn3Fh9V2sHphM,0.7805,0.0893,4.53e-06,0.761,-5.589,100.048,189.84
3LlAyCYU26dvFZBDUIMb7a,0.6074999999999999,0.19,0.00025,0.428,-3.015,89.938,175.2
5k31cAfP8yymw8v0AYQIjr,0.7865,0.0545,0.000285,0.507,-2.415,99.989,194.0
1fidCEsYlaVE3pHwKCvpFZ,0.702,0.175,1.58e-06,0.779,-6.003,119.968,245.867
2QgWuCtBpNIpl5trmKCxRf,0.5175000000000001,0.6,0.0,0.497,-10.893,138.318,515.867
5s5t0OFg9lIlBFaCI14K1i,0.6174999999999999,0.0567,0.0,0.539,-5.494,203.867,257.133
5Ph2oeskX0U9IwhsBY2zKj,0.574,0.00734,0.0,0.549,-7.042,181.009,228.52
2ZBalNGwjqdKJd29O76wBV,0.582,0.358,0.000239,0.576,-7.31,136.136,227.627
05cXQMJcrM9msUYu11mOrs,0.536,0.289,0.000101,0.392,-4.91,98.88,263.893
7DFNE7NO0raLIUbgzY2rzm,0.5235000000000001,0.385,0.0,0.244,-7.335,75.089,252.867
3ehrxAhYms24KLPG8FZe0W,0.508,0.02,7.66e-05,0.735,-5.576,184.086,250.627
3koCCeSaVUyrRo3N2gHrd8,0.7585,0.121,2.17e-05,0.9,-8.698,125.035,339.32
6Lphpr9Z6H282Sguw0dUWa,0.6925,0.0422,0.00356,0.89,-13.705,119.825,215.693
5IKLwqBQG6KU6MP2zP80Nu,0.8385,0.3,1.57e-05,0.819,-5.153,118.738,216.733
0PiZcjWPnqgnAsmI6FMxYC,0.861,0.0328,0.004,0.675,-5.613,107.774,206.8
3ZFTkvIE7kyPt6Nu3PEa7V,0.8009999999999999,0.284,0.0,0.756,-5.892,100.024,218.093
6ToFxXRBtl5TJFEyIoYK3f,0.589,0.144,0.0,0.646,-5.7,76.999,277.307
2iWljCivLjWnLkwItPZdRV,0.7175,0.268,7.85e-06,0.799,-6.174,119.961,281.827
38xWaVFKaxZlMFvzNff2aW,0.6639999999999999,0.173,0.0,0.529,-4.51,94.023,261.427
5VGlqQANWDKJFl0MBG3sg2,0.4955,0.00552,0.000417,0.173,-5.356,137.028,230.76
7wMq5n8mYSKlQIGECKUgTX,0.647,0.0653,0.0,0.63,-4.343,84.803,202.533
6kopmMZiyLmw7h66uXcXR7,0.764,0.00243,0.000263,0.889,-4.898,105.811,219.413
6fOPuabPdAJ0HgqJFcDGb1,0.6665,0.363,2.22e-05,0.502,-6.12,118.008,208.107
6vcG9EgeqJUSmmF65lxUm6,0.5595,0.488,7.34e-06,0.599,-2.685,177.13,128.2
1yqFYJQRzeB7Jge0JfGoVv,0.404,0.572,0.0,0.342,-9.095,87.106,185.067
5GOX1hDWhAiJnKj75U3Set,0.5945,0.128,0.00651,0.946,-12.034,119.673,224.773
1udKn1oNKYQSQ9OmiIWCMu,0.6455,0.213,0.0,0.759,-7.963,138.602,125.827
1nw8lTaFu9kphHRNy67lXa,0.6855,0.229,0.0,0.814,-7.268,78.183,197.573
4kAJawkLZj4Q7N5521ofP6,0.485,0.000185,0.309,0.116,-11.882,110.181,295.52
0s9zhya2wN7wOIU636orsF,0.3355,0.471,0.00285,0.255,-11.309,98.837,216.347
1qRA5BS78u3gME0loMl9AA,0.5860000000000001,0.406,0.0209,0.822,-10.164,98.883,153.693
1JLn8RhQzHz3qDqsChcmBl,0.474,0.193,1.76e-06,0.423,-10.036,81.204,304.787
00qOE7OjRl0BpYiCiweZB2,0.505,0.0828,0.0,0.522,-5.554,176.647,259.8
6xMHglHoafdDFGXS6qfwSH,0.7555000000000001,0.229,0.0,0.763,-4.83,117.945,268.693
1AAEWUVZpew24mP6nC1IU5,0.592,0.0165,0.0,0.497,-9.955,96.024,254.52
28XDE6yXI6Bp4U3nLSGqzp,0.6855,0.0758,0.000808,0.96,-5.181,119.193,256.147
00cP99zN0bsUZSpXbAlQXg,0.5980000000000001,0.304,0.000195,0.782,-7.495,152.885,238.067
2GbePPrWWSRxcmW6QRSPae,0.625,0.139,0.0214,0.591,-5.207,160.841,157.267
5dgCA0mx68tVvEpkDJuv3Y,0.5065,0.18,0.0,0.217,-8.11,82.31,231.44
4fZDZMgyWBxTg2Rc4OHVtB,0.579,0.166,6.91e-06,0.409,-7.395,130.865,286.693
5x3DjsEgBrBfwyrqR27DJk,0.5055000000000001,0.00037,0.00656,0.437,-3.187,104.275,241.96
44r6jAEYeT2bQkmZHagi2A,0.6995,0.349,0.000567,0.951,-7.154,78.965,356.6
7z38bideBRvGAgjXe2SECm,0.8125,0.0337,2.57e-06,0.933,-8.838,117.79,265.373
6V50MyHPGhEmwYu0Wdyf0t,0.6355,0.607,0.0571,0.531,-12.203,111.166,297.853
5lA6mFOvaiienokVbTZEQx,0.7045,0.107,0.0,0.901,-6.849,174.201,219.6
2lwwrWVKdf3LR9lbbhnr6R,0.7685,0.013,2.23e-06,0.553,-4.807,100.975,208.467
0REHBJqgYx296su1xt9M7y,0.6,0.248,0.0193,0.667,-7.025,159.858,231.267
63diy8Bzm0pHMAU37By2Nh,0.7335,0.118,0.0,0.715,-5.984,132.752,211.467
22CIOfLZB9z8He7WgHYAgH,0.6515,0.0056,0.000425,0.737,-13.255,129.713,237.093
2RvkPf7MIzhdh347w5sjTJ,0.721,0.022,0.000219,0.598,-4.895,151.737,189.733
2k7Q44K4zK3Sgkwgg4YmPB,0.5345,0.208,0.0,0.322,-3.85,169.815,251.6
3B5UbSndRz907IZhhmUfLi,0.487,0.84,0.0,0.509,-5.98,89.044,197.373
40Hy8qPKNcfnLEURigEmSB,0.7195,0.412,0.0024,0.323,-3.649,122.072,192.828
7k0lw3bHc5JpqhMRGchjRg,0.4405,0.762,7.82e-06,0.648,-16.551,61.059,189.4
22mek4IiqubGD9ctzxc69s,0.8029999999999999,0.0389,0.00171,0.336,-4.373,122.003,212.64
3zN4OLeBAN7LwAr442bB8E,0.739,0.00051,0.0,0.644,-4.198,134.994,240.6
7tAXHZdp9UpcYrHn7MZqfo,0.7455,0.0371,0.000184,0.446,-4.457,120.013,278.036
0rFOs9paloAvEtzwDX1Kmc,0.5854999999999999,0.603,0.0,0.249,-6.663,127.904,196.28
7tdvCR9OVuZTH0VvwpFVfp,0.764,0.0354,0.0149,0.717,-5.576,108.468,232.76
1mXXf7ztqQei9qUXliL19H,0.634,0.78,0.0134,0.736,-12.778,92.726,191.227
3NldGYmhDLK98kOOo4J1lg,0.702,0.012,0.00339,0.663,-6.116,100.649,277.333
3Jrf9MHZZWx3cXBeMkZWUu,0.8265,0.138,0.00157,0.97,-4.47,121.718,261.2
4T8AdShKNGD6mZqEyLM1nz,0.6960000000000001,0.128,9.3e-06,0.777,-8.643,124.065,257.787
6MT2voYmjlstKrGgE0q3Mg,0.889,0.437,0.000395,0.841,-7.368,120.827,217.2
5dRQUolXAVX3BbCiIxmSsf,0.656,0.103,1.16e-06,0.582,-7.868,129.607,221.84
24fQpRwKFkC3Fe8QtvvrNw,0.552,0.308,0.0,0.547,-9.761,78.961,242.267
6GVbeCmR2izqUTcYpvoiX9,0.6775,0.265,0.0291,0.752,-8.16,107.332,232.667
2CkgEGjYbV6SPpNXcA33ff,0.496,0.073,0.0,0.66,-11.919,89.626,264.4
6lSoITVlnTOcrgAfIsSPHV,0.8005,0.336,0.0,0.906,-6.778,121.574,242.48
15ob9SMGLWrexuPuyuMjKl,0.8205,0.135,0.0376,0.875,-3.598,131.338,295.067
4IyDlKobNAzDkl6USG7rO2,0.74,0.0597,0.0139,0.661,-5.975,90.56,232.76
4RwIkzRJEk1pPVsyd592tc,0.8314999999999999,0.00987,0.00143,0.657,-3.725,104.892,237.453
1lfjTOtTRUDkzcmahA4lcs,0.5885,0.065,0.0,0.636,-6.927,93.62,187.293
2dwhMQsFeHr2S787WxqAqW,0.736,0.0103,2.66e-06,0.741,-5.42,165.98,347.107
4aKnYxo2WpiuZBh4QSXUkJ,0.2965,0.803,0.0,0.294,-13.414,141.762,187.213
603eUfFFMfJsBHrHcO11ND,0.755,0.352,5.03e-06,0.585,-5.693,113.828,127.413
5LLzbV4KoemrjKDnvPXTnx,0.4545,0.509,0.0,0.295,-5.192,148.913,239.76
7nqlRkgNyEpb9nvb03GMp7,0.643,0.0304,1.76e-06,0.677,-3.948,174.959,221.24
6jAsmDJI8iPhGWtS27kZ67,0.751,0.102,1.72e-05,0.595,-4.253,125.921,235.52
7kigmgx2tJJsZHKaa2QC0w,0.745,0.0813,0.662,0.991,-9.68,139.761,191.333
58IiROv3C3SPnYEmx8zxcE,0.678,0.534,3.22e-05,0.918,-9.999,102.211,170.16
2CzWeyC9zlDpIOZPUUKrBW,0.597,0.217,3.93e-06,0.576,-7.415,109.951,183.667
3rCNLeHuSDsEPJshmo5OuR,0.679,0.0359,1.75e-05,0.694,-7.957,122.653,178.2
2DnBQKrh8aodN4dBSdXAUh,0.6425000000000001,0.356,2.64e-05,0.487,-6.611,99.94,167.066
26VrotMHCu4m9I1rbHB1GN,0.7325,0.453,0.00271,0.808,-9.045,102.513,170.107
18bwumdnOVqjmRoyUSyxLC,0.4685,0.506,0.00019,0.117,-6.277,84.761,173.735
7MQywXGHEev7JmwwIzMcao,0.659,0.00364,0.0,0.796,-7.328,100.904,275.707
4tyl9OMKMG8F2L0RUYQMH3,0.6895,0.405,0.00033,0.802,-8.507,172.435,249.96
1XDgeeNIbwXobo7EkcLa2u,0.6775,0.0637,0.00795,0.463,-5.419,91.353,248.173
3Nciyx5OTBo8XVRFYt3FV1,0.5375000000000001,0.843,0.0,0.685,-9.425,142.207,177.093
25ttbACknSKxdXAZchsIne,0.6165,0.211,0.0379,0.795,-15.542,110.262,267.933
6bBwFPgVdWxuc4uWEyALCa,0.5609999999999999,0.545,0.0,0.536,-7.792,133.178,214.347
6Uy6K3KdmUdAfelUp0SeXn,0.6935,0.00502,2.1e-05,0.758,-3.838,185.063,220.573
600s08VdbjiyAjDGDjYSFI,0.5805,0.000552,0.00352,0.483,-5.053,170.616,193.613
6O9AOXvCAvfv4fxzPyUst4,0.726,0.0224,0.00176,0.753,-4.374,90.383,194.627
0jWgAnTrNZmOGmqgvHhZEm,0.5645,0.161,0.0,0.454,-10.044,134.355,295.533
2PrUKG4kAO27esFEtQu9rL,0.6645000000000001,0.589,0.00432,0.366,-5.707,121.995,285.0
1HZ3cUZUw5htSFmah1V8Ko,0.48150000000000004,0.294,0.0884,0.353,-8.799,150.135,306.04
2ZMEdXxVSRfMshCDBMjt0o,0.6275,0.00776,0.0,0.8,-11.336,119.929,334.0
275KAjHjZOtnTVWZ2Kcr7k,0.5065,0.00638,0.00598,0.417,-13.634,145.928,301.813
1sQMwuozNCmF811OgjTWIA,0.6890000000000001,0.0714,0.0,0.654,-5.068,103.971,236.133
0OH5ZegnMYV119OvFiKT9Z,0.4675,0.0949,0.0,0.183,-12.239,128.019,289.693
5fgkjhICZnqFctrV0AyuQD,0.5395,0.547,0.0,0.334,-8.831,130.269,252.613
39aRmixB9qNtCU2t8BmsC1,0.515,0.00871,5.05e-06,0.356,-7.596,87.629,302.787
3flAV51ACbtIcEixb0QeZv,0.71,0.173,0.0,0.67,-5.319,90.116,250.493
0hKF8N8aflF1uDzEEnPr2j,0.7170000000000001,0.0681,8.36e-06,0.841,-10.184,103.036,266.56
2BqA50t8b4nphoMfDM9qGM,0.8260000000000001,0.266,0.000356,0.964,-3.774,129.912,219.92
1qDrWA6lyx8cLECdZE7TV7,0.6930000000000001,0.548,0.000115,0.748,-6.932,129.059,244.885
6X1mtEmDPmg4Qp0s8QwACQ,0.6795,0.613,6.21e-05,0.574,-11.702,88.917,297.867
1HwpWwa6bnqqRhK8agG4RS,0.663,0.0759,0.0,0.933,-4.342,89.975,214.227
2LuubKHueqlJbx0ylKGFmy,0.562,0.144,1.05e-06,0.182,-9.308,128.019,332.0
3PJivN5BZ2ckFa22igIu4a,0.6625000000000001,0.0987,0.0,0.448,-4.4,116.128,260.267
6Bd9hh3O9DMjm8hws64D0z,0.6095,0.214,0.0,0.582,-6.763,134.283,278.6
6dwkFmLUz6hx2CZG2EqLol,0.6305000000000001,0.222,5.35e-05,0.342,-7.895,93.931,249.12
0yelVo6DA76GpFfBRPnK0j,0.6835,0.0981,9.45e-05,0.897,-7.475,124.135,237.187
2Bls0igCm79XQQ95IoUbhq,0.6885,0.29,2.46e-06,0.971,-12.589,93.236,164.56
6no2ORas32CYvNb6AjYlSc,0.49850000000000005,0.0999,5.77e-06,0.428,-12.887,123.574,231.16
2BY7ALEWdloFHgQZG6VMLA,0.6705,0.396,1.97e-05,0.826,-11.369,125.276,186.827
07KHJvlYBeQVqrmifTEqEp,0.47,0.298,5.03e-05,0.175,-6.613,79.962,265.093
3TKBJZ7GVDnZpW2hyldB16,0.6875,0.00364,0.0,0.645,-4.257,119.972,193.16
4afJNzc6QD51eWAxzAnS0i,0.5325,0.124,0.0,0.236,-5.263,120.927,267.987
7kWhdmRYv8CqbWNqfojqVd,0.5095000000000001,0.606,0.0168,0.502,-16.63,101.952,199.4
0KQx6HOpJueiSkztcS0r7D,0.631,0.263,0.00101,0.482,-7.519,95.982,210.2
12tUCBq7V9qCF8qGOLpcnu,0.7325,0.129,0.0,0.423,-6.295,120.015,229.827
4XNrMwGx1SqP01sqkGTDmo,0.7689999999999999,0.0444,0.0,0.613,-3.453,92.998,219.467
7LcfRTgAVTs5pQGEQgUEzN,0.74,0.0111,0.0,0.62,-4.477,128.047,201.16
4Musyaro0NM5Awx8b5c627,0.619,0.425,0.0,0.325,-5.024,99.955,241.467
7lAoovVf67mECK18oOpJbc,0.7675000000000001,0.0768,0.0,0.922,-3.842,117.011,188.453
6dn9ndETOjczUSQO5UhKJa,0.7995000000000001,0.0562,0.0,0.725,-2.849,101.025,195.267
4mQVHEjrnuUd7G5IVhSYTk,0.704,0.0927,1.37e-06,0.426,-4.99,102.034,269.147
6QINlZTl5PrAJ92l3FxziG,0.6000000000000001,0.216,0.0,0.388,-6.595,119.857,322.6
6MAdEUilV2p9RQUqE5bMAK,0.652,0.0115,0.0,0.793,-4.573,126.977,231.693
6ZyNjT2hYvfV5PuW84dp1E,0.7909999999999999,0.115,3.75e-05,0.891,-4.683,125.085,238.747
7s25THrKz86DM225dOYwnr,0.6815,0.164,2.2e-05,0.965,-5.226,114.95,147.6
0RaY0juzXaCUDZ7SWGn85j,0.8295,0.33,2.09e-06,0.668,-4.908,125.436,246.693
0tympXm1TqLk48TXM4UVaO,0.779,0.184,0.0,0.551,-6.28,99.598,260.96
64B4UbGRLtGRBtiN2m8OvF,0.7464999999999999,0.142,1.28e-06,0.9,-8.644,133.451,257.52
0jfONt56vckywtWwm8wjki,0.7495,0.0586,1.33e-05,0.724,-9.375,134.666,246.853
1zIhupZdjLENZuzEkWPy44,0.527,0.000478,0.00153,0.783,-12.064,119.988,218.24
4WUnM4KNZ0kjp0CUeoyOnS,0.46950000000000003,0.235,0.0,0.23,-9.658,83.207,259.853
3X7abqSXC4xrxuC1ykpWcY,0.702,0.0599,0.00021,0.815,-3.216,122.541,250.627
2uAF91abD69EEYylY2SKzG,0.7385,0.0295,1.67e-05,0.527,-3.025,120.01,224.6
3IBpXXUBXHQSO1mHMqSaEB,0.611,0.0693,0.0,0.24,-3.932,72.985,346.387
79SE4x5ZROfEqaN12nXFHj,0.392,0.669,6.27e-05,0.205,-14.59,89.078,276.0
6d7PQZtTbHbcYqaygOW7vs,0.5925,0.377,0.0,0.358,-6.402,73.912,229.427
5zpYTfWIuNXCFblRIescG1,0.481,0.0512,0.000739,0.228,-7.114,144.678,304.813
33Tu69rqGWkWBJWOyl8nsK,0.5415,0.108,0.0,0.423,-8.086,77.105,253.667
3ApPhLvRNI5kKRqRTrfbMu,0.6125,0.0607,4.81e-06,0.655,-13.077,99.441,204.4
2RQ3fWFZJJe4G5KkHEACww,0.7685,0.0151,2.88e-05,0.794,-4.132,95.349,285.16
7mnGQesk1TzQLzQ9bYWZPR,0.6885,0.2,2.15e-06,0.211,-4.626,124.269,224.693
0h87GbMRuU8ENP8LmdeA22,0.26,0.666,0.00447,0.318,-10.669,172.655,180.707
0lpMixnQYLyRkvLXpCTkQj,0.5315000000000001,0.117,0.0,0.624,-13.336,117.719,194.76
15GiOLRhRZGM07xhEorDZ4,0.3685,0.8,0.0,0.425,-7.75,112.348,191.093
5rrXkymfQdhNBgBZ3BUVbB,0.645,0.0573,0.0,0.933,-6.789,140.403,129.613
1Pahm5Ufx1KFgEadjvtcby,0.7795000000000001,0.0261,1.89e-05,0.431,-6.252,98.053,279.853
3JgOPg3wx1ABbQv0Ax4Rdw,0.7444999999999999,0.0141,8.23e-05,0.644,-8.722,135.117,237.84
0iOZM63lendWRTTeKhZBSC,0.5315,0.713,2.53e-05,0.813,-14.035,92.033,244.027
5ObgLyp4ytTtnFLDhrmcOi,0.673,0.00102,0.00311,0.687,-11.752,155.601,251.573
2oezpnnea1VXHpJEbqnBhw,0.53,0.0777,2.83e-06,0.89,-10.228,185.273,166.507
5n1A3VxqT4VcNez4Ah6dSu,0.881,0.204,0.00109,0.895,-7.672,122.852,248.693
24LS4lQShWyixJ0ZrJXfJ5,0.751,0.197,0.000112,0.582,-3.942,127.934,212.56
241RmK77gecJ1y7jOoQ5lu,0.6435,0.185,0.00326,0.914,-10.771,125.96,171.36
4iZPNYqzI2L0uwuUKun7Aa,0.6705000000000001,0.155,0.0,0.438,-6.069,99.879,222.801
5zDbl8XiqMhn0tIzAsyvhR,0.2905,0.898,0.0,0.266,-10.263,179.923,279.747
51YhN4y2tOvfI0Sv1hoBRo,0.739,0.0267,0.0,0.934,-2.501,92.011,212.747
3zJsnfuodQaY1LC7nqWif2,0.657,0.153,0.00018,0.723,-6.579,105.897,197.373
36xEjbl8DtevPJgw6i9IuY,0.6505000000000001,0.0136,1.56e-06,0.504,-4.537,107.705,232.333
6tXjP6xgPJ7Xr1igrO6bOE,0.752,0.0336,6.92e-05,0.542,-5.582,122.668,267.08
4LFwNJWoj74Yd71fIr1W8x,0.3235,0.8,0.0,0.126,-13.589,177.679,264.333
7r6KRHz2HAjoaBQCtQJfzR,0.6545,0.21,1.57e-05,0.247,-4.121,90.721,270.16
6QSvXo57BXRcgmORcpb5by,0.774,0.0715,0.000213,0.958,-7.864,107.251,250.627
5pKnf0mkP22gafQzk1vjEz,0.8095,0.102,0.000107,0.849,-6.986,126.273,273.093
3xkoUGbf11dLvsfIdgfmIp,0.681,0.573,0.00862,0.73,-13.407,107.92,429.173
3HI7oXJcgIXOhhPBvONWFo,0.4655,0.553,3.33e-06,0.0763,-11.055,129.048,228.667
3aBgcUxqadc7PC0yeDCpU9,0.6375,0.553,0.00132,0.379,-4.092,84.034,230.093
044fQJmT2fZUYcA3BnaOL2,0.7805,0.227,0.00234,0.956,-6.109,103.69,220.386
7uefNWIWZwmNUYZktNSV8s,0.581,0.49,4.48e-06,0.482,-5.894,81.976,239.317
2x3V8KW8HLinow69zlvky6,0.6495,0.162,2.24e-05,0.833,-7.441,97.008,225.267
70L4pGAmYv0pTADrgsIxpI,0.6785,0.0211,0.00231,0.545,-8.0,79.971,329.867
0YJvN0CZyGDmP5YHwKrcQh,0.7055,0.729,0.0,0.677,-4.73,98.17,181.653
6J7uQ9vLtBqNikEhlKUOnu,0.673,0.226,0.0,0.904,-10.383,153.144,212.84
6gvfXd7pEUSPuNEMWwOJUH,0.679,0.154,0.0,0.93,-10.129,123.1,180.36
6gQZKkphKIMxZgca5r7ImA,0.6395,0.305,0.0,0.721,-8.482,92.305,229.653
3hSy2AUoElgIk6fjhYnRH3,0.6094999999999999,0.0729,0.0805,0.61,-13.112,113.463,276.933
4mPd1gJhgcYFRSJyoYAxE8,0.6455,0.00839,0.0,0.864,-10.356,122.448,231.547
2RcrwqQoSxdlXEBPJsXGr6,0.516,0.589,0.0,0.67,-9.288,104.833,164.48
3JvrhDOgAt6p7K8mDyZwRd,0.6074999999999999,0.431,0.0,0.51,-6.694,101.654,204.28
7AQAlklmptrrkBSeujkXsD,0.524,0.0678,1.43e-05,0.359,-5.825,171.982,235.88
0aOluBqXYd0rFSCsgDyAWX,0.6194999999999999,0.637,0.0,0.437,-5.303,129.07,241.693
11EX5yhxr9Ihl3IN1asrfK,0.6045,0.0927,0.000636,0.231,-5.535,107.943,277.573
